"id_student","gender","highest_education","imd_band","age_band","num_of_prev_attempts","studied_credits","disability","date_registration","sum_click","date_submitted","score","weight","module_presentation_length","final_result"
559551,"0","1","9","0",0,30,"0",-43,770,32,84,16,268,"0"
559617,"1","1","9","0",0,90,"1",-31,1104,31,83,16,268,"1"
559758,"0","1","6","1",0,30,"0",-35,518,36,61,16,268,"1"
560326,"0","1","4","1",0,90,"0",-95,423,40,47,16,268,"2"
560502,"0","0","1","1",0,30,"1",-31,1074,33,77,16,268,"0"
560734,"0","0","9","0",0,120,"0",-28,1553,33,100,16,268,"0"
560876,"0","1","4","0",0,60,"0",-19,774,32,88,16,268,"1"
561054,"0","1","0","0",0,60,"0",-52,651,34,58,16,268,"0"
561192,"0","1","2","0",0,90,"0",-100,1138,30,80,16,268,"1"
561519,"0","1","1","0",0,60,"0",-149,1144,32,83,16,268,"2"
563418,"1","0","8","0",0,90,"0",-102,3120,27,90,16,268,"1"
563666,"0","0","6","0",0,60,"0",-30,884,32,63,16,268,"1"
564894,"0","1","9","1",0,60,"0",-22,1888,32,92,16,268,"1"
565561,"0","2","1","1",0,60,"0",-185,290,32,79,16,268,"0"
566071,"0","1","3","0",0,60,"0",-32,715,32,79,16,268,"0"
566201,"0","1","2","0",0,60,"0",-190,1879,32,76,16,268,"1"
567752,"0","0","5","0",0,60,"1",-156,2086,31,84,16,268,"1"
567779,"0","1","4","0",0,30,"0",-116,503,33,57,16,268,"0"
567950,"0","0","7","1",0,60,"0",-22,2061,32,71,16,268,"0"
568813,"0","0","8","0",0,60,"0",-149,1063,32,100,16,268,"1"
569358,"0","2","4","0",0,30,"0",-12,505,33,87,16,268,"1"
569560,"0","0","4","0",0,90,"0",-32,954,32,95,16,268,"1"
569694,"0","1","7","0",0,60,"0",-165,1611,32,95,16,268,"1"
570414,"0","1","1","0",0,60,"0",-94,1136,31,72,16,268,"0"
570448,"0","0","3","0",0,30,"0",-95,652,40,60,16,268,"0"
570626,"0","1","1","0",0,30,"0",-193,754,33,91,16,268,"1"
571186,"0","0","3","0",0,60,"0",-191,2249,29,82,16,268,"1"
571443,"1","2","7","0",0,60,"0",-150,3472,31,92,16,268,"1"
571448,"1","0","3","0",0,60,"0",-130,537,32,92,16,268,"1"
571620,"0","1","0","0",0,60,"0",-154,1257,30,92,16,268,"1"
571686,"0","1","8","0",0,60,"0",-81,1231,31,97,16,268,"1"
571818,"0","0","4","0",0,60,"0",-144,1090,33,94,16,268,"1"
572024,"0","2","7","0",0,60,"0",-102,1355,33,85,16,268,"1"
572080,"0","0","1","0",0,60,"0",-72,265,33,74,16,268,"0"
572168,"0","2","5","0",0,90,"0",-185,2243,28,97,16,268,"2"
572515,"0","1","2","0",0,60,"1",-156,2244,33,94,16,268,"1"
572602,"0","0","6","0",0,60,"0",-124,1312,29,96,16,268,"1"
572944,"0","1","5","0",0,60,"0",-179,700,33,54,16,268,"0"
573200,"0","1","5","0",0,60,"0",-170,1503,30,95,16,268,"1"
573214,"0","2","6","0",0,60,"0",-130,1268,31,90,16,268,"1"
573292,"0","0","4","0",0,75,"0",-174,2977,30,78,16,268,"1"
573336,"0","0","3","0",0,60,"0",-92,2018,30,97,16,268,"1"
573550,"0","1","7","0",0,30,"0",-58,1102,33,84,16,268,"1"
573593,"0","0","3","1",0,60,"0",-136,2073,33,91,16,268,"1"
574038,"0","1","5","0",0,60,"0",-92,3019,32,93,16,268,"1"
574608,"0","0","3","1",0,60,"0",-94,2530,31,94,16,268,"1"
575241,"0","1","9","0",0,60,"0",-132,2253,32,94,16,268,"1"
575318,"0","2","0","0",0,60,"0",-184,88,52,65,16,268,"0"
575336,"0","1","3","0",0,60,"0",-122,3505,32,89,16,268,"1"
575343,"0","2","8","0",0,30,"0",-184,502,32,82,16,268,"0"
575401,"0","0","1","0",0,60,"0",-138,740,37,72,16,268,"1"
575601,"0","0","1","0",0,60,"0",-63,376,33,75,16,268,"2"
575762,"0","2","4","1",0,60,"0",-22,1301,33,79,16,268,"1"
575764,"1","0","5","0",0,90,"0",-109,2027,32,96,16,268,"1"
576036,"0","0","6","0",0,60,"0",-74,671,33,96,16,268,"1"
576292,"0","1","0","0",0,60,"0",-141,368,43,50,16,268,"0"
576405,"0","2","2","0",0,60,"1",-31,1437,32,90,16,268,"1"
576606,"0","2","9","0",0,90,"0",-74,714,30,88,16,268,"2"
576750,"0","2","6","1",0,60,"0",-80,1721,32,83,16,268,"1"
576909,"0","0","6","0",0,60,"0",-35,1224,31,98,16,268,"1"
576962,"0","0","4","0",0,60,"0",-96,1029,30,83,16,268,"0"
577560,"0","2","5","0",0,60,"0",-148,287,33,40,16,268,"0"
577735,"0","0","5","0",0,60,"0",-149,3167,31,88,16,268,"1"
577784,"1","0","5","0",0,60,"0",-79,1270,30,91,16,268,"1"
577995,"0","1","7","0",0,60,"0",-127,2984,29,99,16,268,"1"
578056,"0","0","4","0",0,60,"0",-136,751,32,66,16,268,"0"
578438,"0","0","8","0",0,60,"0",-79,1784,33,94,16,268,"1"
578623,"0","0","6","0",0,120,"0",-79,448,31,85,16,268,"2"
578654,"0","1","3","0",0,150,"0",-144,1427,31,61,16,268,"0"
578725,"0","2","9","0",0,60,"0",-31,1241,33,76,16,268,"0"
578736,"0","2","1","1",0,90,"0",-100,878,32,76,16,268,"1"
579011,"0","0","1","1",0,60,"0",-109,1584,27,87,16,268,"1"
579130,"0","0","7","0",0,30,"1",-72,1948,32,84,16,268,"1"
579723,"0","1","9","1",0,60,"0",-81,2247,32,85,16,268,"1"
580372,"0","2","7","0",0,60,"0",-132,436,33,72,16,268,"0"
580719,"1","2","8","1",0,60,"0",-44,2457,36,98,16,268,"1"
580774,"0","1","5","0",0,120,"0",-15,382,32,85,16,268,"0"
580970,"0","0","2","0",0,60,"0",-30,1072,33,89,16,268,"1"
581011,"0","1","8","0",0,30,"0",-148,1139,32,85,16,268,"2"
581234,"0","0","5","0",0,60,"0",-143,1856,31,90,16,268,"1"
581340,"0","2","9","0",0,60,"0",-22,2553,30,88,16,268,"1"
581438,"0","0","4","0",0,60,"0",-86,1419,32,87,16,268,"1"
581439,"0","2","7","0",0,60,"0",-149,121,39,83,16,268,"0"
581533,"0","0","6","0",0,60,"0",-32,705,32,96,16,268,"1"
581716,"1","1","0","0",0,180,"0",-31,1109,19,83,16,268,"1"
582768,"0","0","9","0",0,90,"1",-50,101,33,58,16,268,"0"
582913,"0","1","8","0",0,60,"0",-32,1544,24,93,16,268,"1"
583186,"0","1","2","0",0,90,"0",-128,686,29,63,16,268,"0"
583714,"0","0","6","0",0,90,"0",-53,1217,32,98,16,268,"1"
583839,"0","1","6","1",0,60,"0",-138,631,31,90,16,268,"0"
583855,"0","0","0","0",0,30,"0",-46,2571,33,81,16,268,"1"
583933,"0","1","3","1",0,75,"0",-25,879,33,75,16,268,"0"
584567,"0","1","9","0",0,60,"0",-138,300,33,56,16,268,"0"
584923,"0","2","5","0",0,60,"0",-81,243,30,92,16,268,"2"
585279,"0","0","6","0",0,60,"0",-49,4639,32,84,16,268,"1"
585471,"0","0","6","0",0,60,"0",-81,4054,31,99,16,268,"1"
585837,"0","0","5","0",0,60,"0",-129,2052,31,93,16,268,"1"
586236,"0","0","9","0",0,60,"0",-129,1400,31,94,16,268,"1"
586621,"0","0","6","0",0,60,"0",-128,2048,30,68,16,268,"1"
586979,"0","0","4","1",0,60,"0",-81,446,31,90,16,268,"0"
587014,"0","0","8","0",0,30,"0",-100,182,33,60,16,268,"0"
587319,"0","0","6","0",0,60,"0",-109,947,31,96,16,268,"1"
587346,"0","0","5","0",0,30,"0",-102,1771,31,64,16,268,"1"
587382,"0","0","3","0",0,60,"0",-86,499,36,70,16,268,"0"
587616,"0","0","7","0",0,60,"0",-117,1270,33,85,16,268,"1"
587677,"0","1","4","0",0,60,"0",-102,2293,31,77,16,268,"2"
587682,"0","1","7","0",0,60,"0",-113,716,29,87,16,268,"1"
587714,"0","0","8","0",0,60,"0",-36,1476,32,83,16,268,"1"
588231,"0","1","4","1",0,60,"0",-109,2603,33,75,16,268,"1"
588280,"0","0","5","1",0,60,"0",-117,3349,33,97,16,268,"1"
588442,"0","1","0","0",0,90,"0",-116,1060,32,61,16,268,"1"
588502,"0","1","1","0",0,60,"0",-116,1491,31,94,16,268,"1"
588628,"0","0","6","2",0,60,"0",-115,9805,31,81,16,268,"1"
588835,"0","1","5","0",0,30,"0",-102,881,38,36,16,268,"1"
588942,"0","2","9","0",0,60,"0",-113,686,32,69,16,268,"0"
589211,"0","0","7","1",0,120,"0",-74,1847,30,85,16,268,"1"
589380,"0","2","1","0",0,60,"0",-72,2353,30,91,16,268,"1"
589506,"0","0","4","0",0,60,"0",-51,548,31,75,16,268,"0"
589856,"0","0","9","0",0,60,"0",-108,2488,32,97,16,268,"2"
589902,"0","1","6","0",0,60,"0",-108,3783,30,96,16,268,"1"
590017,"0","2","8","0",0,30,"0",-38,964,31,94,16,268,"1"
590882,"0","1","7","0",0,30,"0",-81,1789,33,77,16,268,"1"
591165,"0","1","1","0",0,30,"0",-79,818,32,87,16,268,"0"
591424,"0","2","5","0",0,60,"0",-88,1229,32,90,16,268,"2"
591942,"0","1","8","1",0,60,"0",-100,5676,31,89,16,268,"1"
591944,"0","1","4","0",0,90,"0",-95,835,18,67,16,268,"0"
591995,"0","0","4","0",0,30,"0",-71,1822,32,93,16,268,"1"
592172,"0","1","7","0",0,90,"0",-66,340,35,47,16,268,"0"
592250,"0","2","9","0",0,30,"0",-30,668,32,86,16,268,"1"
592791,"0","2","4","0",0,30,"0",-22,695,33,75,16,268,"0"
593362,"0","1","1","1",0,60,"0",-91,291,31,68,16,268,"2"
593400,"0","0","8","0",0,60,"0",-31,415,32,57,16,268,"0"
593487,"0","2","4","0",0,60,"0",-84,965,32,90,16,268,"1"
593534,"0","1","3","1",0,60,"0",-37,1268,32,65,16,268,"1"
593587,"0","0","3","1",0,60,"0",-57,1071,33,69,16,268,"1"
593924,"0","0","9","0",0,60,"0",-78,13382,30,94,16,268,"1"
594233,"0","0","2","0",0,90,"0",-37,144,32,92,16,268,"0"
594431,"1","0","6","0",0,60,"0",-31,1867,29,91,16,268,"1"
594452,"0","2","9","0",0,60,"0",-65,412,32,42,16,268,"0"
594517,"0","0","8","0",0,60,"0",-88,768,37,82,16,268,"1"
594602,"0","1","5","0",0,90,"0",-63,410,33,58,16,268,"0"
594864,"0","1","7","0",0,30,"0",-57,957,32,84,16,268,"0"
594976,"0","2","1","0",0,30,"0",-87,1091,31,80,16,268,"1"
595244,"0","0","4","1",0,90,"0",-62,2776,31,87,16,268,"1"
596002,"0","0","8","0",0,30,"0",-42,1425,20,100,16,268,"2"
596361,"0","1","7","1",0,90,"0",-74,4612,30,93,16,268,"1"
596526,"0","2","9","0",0,60,"0",-42,875,32,91,16,268,"1"
596614,"0","1","6","0",0,30,"0",-80,1505,41,28,16,268,"2"
596676,"0","0","1","0",0,60,"0",-31,963,32,96,16,268,"2"
597206,"0","0","7","0",0,60,"0",-67,1355,32,80,16,268,"1"
597335,"1","0","9","0",0,60,"0",-53,788,33,67,16,268,"1"
597376,"1","0","2","0",0,120,"1",-46,823,29,85,16,268,"1"
597459,"0","2","3","0",0,60,"0",-42,833,29,92,16,268,"1"
597573,"0","0","1","1",0,60,"1",-32,1025,44,60,16,268,"1"
598809,"0","1","4","0",0,30,"0",-19,689,32,48,16,268,"0"
598819,"0","2","9","0",0,60,"0",-8,543,30,94,16,268,"0"
598973,"0","0","4","0",0,60,"1",-67,2307,30,96,16,268,"1"
599284,"0","1","8","0",0,30,"0",-29,918,38,60,16,268,"0"
599588,"0","0","5","0",0,90,"0",-32,639,32,86,16,268,"0"
599768,"0","1","3","0",0,60,"0",-36,2470,32,91,16,268,"1"
600127,"0","0","2","1",0,60,"0",-35,191,33,66,16,268,"0"
600187,"0","0","2","0",0,60,"0",-56,2591,32,94,16,268,"1"
600198,"0","0","2","0",0,60,"0",-19,1006,30,95,16,268,"1"
600816,"0","0","9","0",0,30,"0",-62,387,33,77,16,268,"2"
600916,"0","1","3","0",0,30,"0",-32,1445,32,91,16,268,"0"
601182,"0","1","5","0",0,60,"0",-46,2210,32,97,16,268,"1"
601407,"0","1","0","0",0,30,"0",-58,167,41,14,16,268,"2"
601433,"0","1","5","0",0,60,"0",-29,405,33,46,16,268,"0"
601873,"0","2","4","0",0,30,"0",-31,701,31,95,16,268,"1"
602233,"0","2","9","0",0,60,"0",-22,2527,31,85,16,268,"1"
602268,"0","0","6","0",0,60,"0",-35,1679,32,91,16,268,"1"
602275,"0","0","1","0",0,60,"0",-51,2586,32,92,16,268,"1"
602389,"1","0","4","1",0,60,"0",-46,2059,33,68,16,268,"0"
602424,"0","1","4","0",0,60,"0",-22,1223,32,93,16,268,"1"
602663,"0","1","9","0",0,60,"0",-29,1896,31,88,16,268,"1"
602816,"0","0","3","0",0,60,"0",-52,1497,33,64,16,268,"0"
603309,"0","0","8","0",0,60,"0",-51,2238,32,89,16,268,"1"
603455,"0","1","3","1",0,60,"0",-51,2374,33,93,16,268,"1"
603565,"0","1","8","0",0,60,"0",-50,760,34,57,16,268,"2"
604050,"0","0","1","0",0,60,"0",-46,869,33,96,16,268,"1"
604393,"0","0","8","0",0,60,"0",-22,2484,32,92,16,268,"1"
604685,"0","0","7","1",0,60,"0",-44,3359,29,89,16,268,"1"
605361,"0","1","3","0",0,60,"0",-30,1775,23,98,16,268,"1"
605480,"0","1","7","0",0,60,"0",-44,625,31,68,16,268,"2"
605587,"0","0","5","0",0,60,"0",-30,445,33,79,16,268,"2"
605908,"0","0","9","0",0,60,"0",-42,218,33,75,16,268,"2"
606047,"1","0","7","0",0,60,"0",-36,2312,22,90,16,268,"1"
606373,"0","2","9","1",0,30,"0",-22,2260,33,89,16,268,"1"
606743,"0","1","2","0",0,120,"0",-38,486,35,70,16,268,"1"
607178,"0","2","6","0",0,60,"0",-17,2001,32,94,16,268,"1"
607814,"1","0","6","1",0,60,"0",-30,554,46,76,16,268,"0"
608024,"1","2","7","0",0,120,"0",-36,1345,30,94,16,268,"1"
608884,"0","1","8","0",0,60,"0",-32,680,32,81,16,268,"1"
609583,"0","0","4","0",0,90,"0",-17,932,45,80,16,268,"2"
609682,"0","2","1","0",0,60,"0",-22,1360,30,83,16,268,"1"
609748,"0","1","4","0",0,30,"0",-30,554,32,80,16,268,"2"
610025,"0","2","8","0",0,60,"0",-22,2031,31,87,16,268,"1"
610188,"0","0","1","0",0,120,"0",-30,1321,32,98,16,268,"1"
610503,"0","0","2","0",0,60,"0",-29,1271,33,89,16,268,"1"
610855,"0","1","5","0",0,150,"0",-29,1802,29,86,16,268,"1"
610873,"0","1","3","0",0,60,"0",-24,1614,33,88,16,268,"1"
610888,"0","1","3","0",0,30,"0",-27,557,32,72,16,268,"0"
610979,"0","0","5","0",0,30,"0",-22,409,33,60,16,268,"0"
611049,"0","0","8","0",0,60,"0",-15,845,36,84,16,268,"1"
611202,"0","0","9","0",0,30,"0",-28,2501,33,91,16,268,"1"
611206,"0","1","1","0",0,30,"0",-29,398,36,71,16,268,"0"
611344,"0","1","7","1",0,60,"0",-28,2111,32,77,16,268,"1"
611561,"1","0","7","0",0,30,"0",-28,474,33,92,16,268,"0"
611564,"0","0","4","0",0,30,"0",-28,2481,33,92,16,268,"1"
611639,"1","0","7","0",0,30,"0",-28,578,32,54,16,268,"0"
612048,"0","0","7","0",0,30,"0",-5,1148,32,64,16,268,"1"
612191,"0","1","1","1",0,30,"0",-24,1367,31,87,16,268,"0"
612199,"0","2","1","0",0,30,"0",-24,388,32,90,16,268,"2"
965763,"0","0","5","1",0,90,"0",-80,1477,33,93,16,268,"1"
991843,"1","0","8","1",0,30,"0",-93,5137,29,97,16,268,"1"
1053702,"0","2","6","1",0,90,"0",-46,1486,30,90,16,268,"1"
1487084,"0","2","3","1",0,180,"0",-21,3116,23,81,16,268,"1"
1529371,"0","2","8","1",0,60,"0",-29,766,33,94,16,268,"0"
1567505,"0","0","7","1",0,120,"0",-32,2215,31,84,16,268,"1"
1622944,"0","0","0","1",0,30,"1",-24,671,33,91,16,268,"0"
1667346,"0","2","6","1",0,150,"0",-134,1277,31,93,16,268,"1"
1725109,"0","2","5","1",0,90,"0",-30,8226,31,100,16,268,"1"
1762336,"0","0","3","1",0,90,"0",-162,1171,32,98,16,268,"0"
1861793,"0","1","7","1",0,30,"0",-63,10832,29,97,16,268,"1"
1915408,"0","2","5","1",0,30,"1",-123,1294,32,86,16,268,"1"
1951925,"0","0","1","0",0,60,"0",-45,473,33,81,16,268,"0"
1954230,"0","0","0","1",0,30,"0",-129,1670,28,93,16,268,"1"
1991903,"1","0","1","0",0,30,"0",-182,1043,32,85,16,268,"1"
2028474,"0","0","4","1",0,165,"0",-29,507,33,86,16,268,"0"
2033951,"0","0","2","1",0,30,"0",-42,1459,43,90,16,268,"1"
2046324,"1","2","3","1",0,30,"0",-4,2053,36,82,16,268,"0"
2137413,"0","1","2","1",0,30,"0",-101,1859,33,87,16,268,"0"
2187588,"0","0","7","1",0,60,"0",-46,1774,32,89,16,268,"2"
2199455,"0","0","1","0",0,30,"0",-29,1445,33,99,16,268,"1"
2255516,"0","1","1","1",0,95,"0",-67,4826,29,99,16,268,"1"
2274938,"0","2","4","0",0,30,"0",-30,911,33,93,16,268,"0"
2326597,"1","0","1","0",0,90,"1",-176,642,32,96,16,268,"1"
2331750,"0","1","5","0",0,30,"0",-30,1877,32,98,16,268,"1"
2408307,"0","0","9","0",0,90,"0",-43,4426,32,95,16,268,"1"
2435726,"1","2","4","0",0,60,"0",-31,1528,32,92,16,268,"1"
2505299,"0","0","3","0",0,60,"0",-52,2352,30,94,16,268,"1"
2537898,"0","1","9","1",0,30,"0",-29,1108,33,82,16,268,"1"
2542645,"0","0","2","0",0,30,"0",-66,432,33,84,16,268,"0"
2562704,"0","0","8","1",0,30,"0",-30,312,40,73,16,268,"2"
2590189,"0","2","8","1",0,30,"0",-129,2386,39,67,16,268,"1"
2598509,"0","1","3","0",0,60,"0",-29,1245,33,91,16,268,"1"
2607824,"0","1","6","1",0,60,"0",-36,2696,28,94,16,268,"1"
2608828,"0","2","5","1",0,55,"0",-36,1200,29,93,16,268,"1"
2623960,"0","2","5","1",0,120,"0",-125,792,32,76,16,268,"2"
2625693,"0","0","5","0",0,60,"0",-42,1600,33,85,16,268,"1"
2641254,"0","1","9","0",0,60,"0",-94,6832,32,65,16,268,"1"
2641364,"0","0","2","1",0,60,"0",-35,7324,32,83,16,268,"1"
2657915,"0","1","5","1",0,60,"0",-31,1664,47,81,16,268,"1"
2681277,"0","2","3","1",0,170,"0",0,974,32,94,16,268,"2"
43564,"0","2","8","1",0,60,"0",-18,2334,33,94,16,268,"1"
63112,"0","1","8","1",0,60,"0",-74,3519,32,88,16,268,"1"
66713,"0","0","9","0",0,60,"0",-155,1850,32,87,16,268,"1"
76579,"1","2","1","0",0,60,"0",-57,2229,33,69,16,268,"2"
88568,"0","2","7","1",0,30,"0",-132,3582,31,93,16,268,"1"
96873,"0","0","7","0",0,30,"0",-195,402,32,92,16,268,"0"
113698,"0","1","6","0",0,30,"0",-52,271,33,55,16,268,"0"
113824,"0","1","9","0",0,120,"1",-108,590,34,93,16,268,"0"
117197,"1","0","4","0",0,130,"0",-66,1009,31,71,16,268,"1"
128929,"1","0","1","0",0,145,"0",-150,1410,33,100,16,268,"1"
132123,"0","2","9","0",0,60,"0",-23,1054,29,96,16,268,"1"
140060,"0","0","9","1",0,50,"0",-30,2110,32,87,16,268,"1"
140518,"0","1","8","0",0,60,"0",-96,297,33,92,16,268,"0"
143711,"0","0","5","0",0,60,"0",-43,2127,32,88,16,268,"1"
144448,"0","1","3","1",0,110,"0",-61,4365,31,94,16,268,"1"
146974,"1","0","1","0",0,90,"0",-44,1054,33,87,16,268,"1"
165509,"0","0","0","0",0,90,"0",-186,574,33,81,16,268,"1"
173710,"0","2","8","1",0,90,"0",-102,3100,31,95,16,268,"1"
173834,"1","2","9","1",0,30,"0",-59,2378,30,99,16,268,"1"
174010,"0","1","1","0",0,30,"0",-47,1675,32,97,16,268,"0"
176086,"0","1","2","0",0,30,"0",-43,443,29,68,16,268,"0"
189629,"1","0","2","0",0,30,"1",-23,1670,41,72,16,268,"1"
195234,"0","1","9","0",0,30,"0",-100,900,33,57,16,268,"0"
200095,"0","2","8","1",0,30,"0",-44,6674,32,97,16,268,"1"
202677,"0","1","1","1",0,60,"0",-67,2080,36,76,16,268,"1"
233311,"1","1","4","0",0,60,"0",-149,3328,29,95,16,268,"1"
245316,"0","1","2","0",0,30,"0",-36,981,32,87,16,268,"0"
245605,"0","0","9","0",0,60,"0",-186,1525,29,94,16,268,"1"
246060,"0","1","6","0",0,120,"0",-39,1486,32,100,16,268,"1"
250047,"0","2","3","1",0,90,"0",-33,4844,28,90,16,268,"1"
259662,"0","1","8","1",0,120,"0",-61,6917,27,79,16,268,"1"
265769,"1","0","3","0",0,90,"0",-71,1264,32,88,16,268,"1"
269764,"0","2","6","0",0,215,"0",-12,827,33,86,16,268,"1"
270638,"0","1","2","1",0,60,"0",-36,2202,32,82,16,268,"1"
275162,"0","2","3","1",0,55,"0",-19,1146,33,88,16,268,"0"
280017,"0","0","2","0",0,150,"0",-108,1797,33,83,16,268,"1"
283133,"0","2","5","0",0,120,"0",-99,2329,32,91,16,268,"1"
286262,"0","1","9","0",0,30,"1",-9,839,40,78,16,268,"2"
286527,"1","0","7","0",0,120,"0",-26,678,33,59,16,268,"2"
288282,"0","1","2","0",0,30,"0",-145,4018,32,76,16,268,"1"
297853,"0","1","9","0",0,60,"0",-78,2477,31,100,16,268,"1"
311845,"0","0","8","1",0,30,"0",-19,3860,32,97,16,268,"1"
313501,"1","0","5","0",0,30,"0",-102,1906,34,91,16,268,"1"
328844,"0","0","2","0",0,70,"0",-145,1262,35,79,16,268,"1"
328942,"0","0","9","0",0,40,"0",-49,3008,19,96,16,268,"1"
330530,"0","0","3","0",0,60,"0",-53,284,32,64,16,268,"2"
333493,"0","1","8","0",0,60,"0",-158,2743,31,97,16,268,"1"
333976,"0","0","0","0",0,30,"0",-36,1623,43,70,16,268,"0"
336402,"1","0","1","0",0,40,"0",-58,1462,47,84,16,268,"1"
338894,"0","0","4","1",0,160,"0",-45,380,30,50,16,268,"1"
339640,"0","0","9","0",0,60,"0",-103,1373,31,92,16,268,"1"
339785,"0","1","1","0",0,60,"0",-149,951,32,71,16,268,"1"
342962,"0","1","0","1",0,60,"0",-47,6374,44,78,16,268,"1"
343543,"0","0","9","0",0,90,"0",-38,2805,29,94,16,268,"1"
344676,"1","0","4","0",0,120,"0",-96,1461,39,78,16,268,"1"
348655,"0","1","8","0",0,60,"0",-85,1094,32,86,16,268,"1"
356568,"1","2","7","0",0,240,"0",-58,1368,33,93,16,268,"1"
365222,"0","2","8","0",0,60,"0",-26,525,32,79,16,268,"1"
365762,"0","1","7","1",0,30,"0",-92,419,33,67,16,268,"2"
369119,"0","1","0","0",0,90,"0",-150,1592,32,70,16,268,"0"
374192,"1","0","3","1",0,30,"1",-37,2105,35,96,16,268,"1"
374739,"0","0","1","0",0,30,"0",-82,1722,31,46,16,268,"1"
379528,"0","1","7","0",0,30,"0",-49,568,32,65,16,268,"1"
384797,"0","0","0","0",0,60,"0",-103,1599,32,85,16,268,"1"
387537,"0","0","1","0",0,30,"0",-36,941,32,86,16,268,"1"
387648,"0","2","1","0",0,60,"0",-107,4395,30,97,16,268,"1"
388912,"0","0","8","1",0,60,"0",-24,312,33,83,16,268,"0"
388923,"0","0","7","1",0,60,"0",-123,1354,32,93,16,268,"1"
392994,"0","1","7","1",0,30,"0",-138,5127,28,98,16,268,"1"
394060,"0","0","9","0",0,45,"0",-44,320,33,84,16,268,"1"
397557,"0","0","4","1",0,30,"0",-172,2399,33,33,16,268,"1"
404050,"0","1","2","0",0,95,"0",-80,657,29,90,16,268,"2"
404449,"0","2","1","1",0,30,"0",-29,2258,32,84,16,268,"1"
406121,"1","1","4","0",0,60,"0",-23,1145,33,86,16,268,"1"
406549,"0","1","3","1",0,60,"1",-109,1438,28,76,16,268,"1"
407876,"1","0","5","0",0,60,"0",-127,151,33,49,16,268,"0"
412911,"0","0","4","0",0,60,"0",-67,908,31,83,16,268,"1"
413702,"0","1","5","0",0,120,"0",-26,314,32,46,16,268,"2"
416420,"0","2","2","0",0,30,"0",-46,2955,28,96,16,268,"1"
418900,"0","0","2","0",0,180,"0",-17,1089,32,91,16,268,"1"
419223,"0","0","0","0",0,60,"0",-53,2443,32,91,16,268,"1"
420173,"0","2","4","0",0,40,"0",-80,2510,32,95,16,268,"1"
434759,"0","0","6","0",0,40,"0",-117,1822,32,87,16,268,"1"
435277,"0","0","8","0",0,90,"0",-153,7866,26,88,16,268,"1"
438283,"0","0","3","0",0,60,"1",-49,521,33,82,16,268,"0"
440610,"0","4","3","1",0,45,"0",-38,1093,32,98,16,268,"1"
441858,"0","0","0","0",0,60,"0",-149,643,33,99,16,268,"1"
442807,"0","1","6","1",0,60,"0",-83,2266,31,90,16,268,"1"
442937,"0","1","3","1",0,60,"0",-180,221,32,89,16,268,"2"
443181,"0","0","0","0",0,60,"0",-67,1897,33,86,16,268,"1"
444403,"0","0","2","1",0,30,"0",-53,2560,30,80,16,268,"1"
446324,"0","0","9","0",0,60,"1",-101,2128,31,91,16,268,"1"
446397,"0","2","8","1",0,30,"0",-30,1444,33,93,16,268,"2"
465392,"0","2","9","1",0,30,"0",-22,1261,36,96,16,268,"1"
465777,"1","2","3","0",0,30,"0",-75,509,33,92,16,268,"1"
465845,"0","0","1","0",0,30,"1",-25,524,33,92,16,268,"2"
466961,"0","0","6","0",0,30,"0",-166,1030,31,87,16,268,"1"
467302,"0","2","6","1",0,60,"0",-31,3673,33,93,16,268,"1"
469959,"0","0","7","0",0,30,"0",-30,728,32,80,16,268,"0"
470534,"1","1","2","0",0,120,"0",-52,537,32,97,16,268,"2"
472336,"0","0","9","1",0,50,"0",-127,1746,32,93,16,268,"1"
472857,"0","0","3","0",0,60,"0",-22,705,32,73,16,268,"1"
473706,"0","1","1","0",0,60,"0",-81,1202,28,91,16,268,"0"
473739,"0","1","5","0",0,30,"0",-32,1318,33,91,16,268,"1"
473943,"0","1","0","0",0,60,"0",-59,1431,33,62,16,268,"0"
475370,"0","1","8","0",0,60,"0",-30,2175,31,88,16,268,"1"
475893,"0","0","7","0",0,60,"0",-143,469,33,70,16,268,"1"
478435,"0","1","3","1",0,30,"0",-24,582,47,62,16,268,"0"
482012,"0","0","2","0",0,30,"0",-185,865,32,95,16,268,"1"
482406,"0","0","8","0",0,30,"0",-138,772,33,82,16,268,"1"
482726,"1","3","9","1",0,50,"0",-158,4070,32,93,16,268,"1"
483706,"0","1","9","1",0,30,"0",-38,8839,32,91,16,268,"1"
485582,"0","2","4","1",0,30,"1",-93,2177,29,75,16,268,"1"
485898,"0","2","2","1",0,60,"0",-142,3593,29,92,16,268,"1"
485909,"0","0","2","0",0,60,"0",-92,682,33,64,16,268,"1"
486545,"0","0","4","0",0,60,"1",-155,1211,32,81,16,268,"1"
486964,"0","1","5","0",0,60,"0",-30,1339,33,62,16,268,"0"
487588,"0","0","3","0",0,30,"0",-128,4358,29,91,16,268,"1"
487621,"0","0","7","0",0,60,"0",-144,1198,32,95,16,268,"1"
491578,"0","1","5","0",0,30,"0",-123,948,40,81,16,268,"1"
491771,"0","2","5","0",0,60,"0",-141,1076,30,80,16,268,"1"
495887,"0","0","5","0",0,60,"0",-32,2341,30,92,16,268,"1"
499400,"0","0","9","1",0,60,"0",-29,6057,28,84,16,268,"1"
499881,"1","0","0","0",0,60,"0",-44,529,33,81,16,268,"1"
500779,"0","2","8","1",0,30,"0",-28,1420,33,98,16,268,"1"
501918,"0","0","0","0",0,60,"0",-25,404,33,64,16,268,"0"
501921,"0","0","1","1",0,30,"0",-155,7548,29,86,16,268,"1"
502393,"0","0","6","0",0,60,"0",-32,2458,31,99,16,268,"1"
504404,"0","1","9","0",0,30,"0",-51,3516,32,83,16,268,"1"
504492,"0","2","7","1",0,60,"0",-32,2603,33,91,16,268,"1"
505727,"0","2","5","0",0,60,"0",-24,1140,30,95,16,268,"1"
506504,"0","1","2","0",0,30,"0",-43,1048,33,61,16,268,"1"
506618,"0","2","6","0",0,120,"0",-116,1039,32,78,16,268,"2"
507375,"1","1","7","1",0,60,"0",-28,5412,20,76,16,268,"1"
507844,"0","0","4","0",0,30,"1",-132,622,32,84,16,268,"1"
509156,"0","0","2","0",0,30,"0",-22,853,34,52,16,268,"0"
510169,"0","0","5","0",0,90,"0",-46,90,138,67,16,268,"2"
515821,"0","0","0","0",0,60,"0",-22,469,39,64,16,268,"0"
516047,"0","2","0","0",0,60,"0",-136,163,33,72,16,268,"2"
522994,"0","0","6","0",0,60,"0",-32,783,33,84,16,268,"1"
523169,"0","0","6","0",0,60,"0",-94,1050,32,92,16,268,"1"
524631,"0","0","6","0",0,30,"0",-46,1157,32,80,16,268,"0"
525246,"0","1","9","1",0,60,"0",-51,1878,34,76,16,268,"1"
525703,"0","0","3","0",0,60,"0",-22,1999,33,74,16,268,"1"
529509,"0","0","3","0",0,30,"0",-24,248,33,71,16,268,"0"
530172,"0","1","1","1",0,60,"0",-28,482,36,68,16,268,"2"
530360,"0","1","7","1",0,30,"0",-29,1833,33,91,16,268,"0"
530765,"0","0","6","0",0,60,"0",-18,623,32,80,16,268,"1"
531097,"0","0","7","0",0,30,"1",-185,555,33,72,16,268,"0"
538040,"1","0","5","0",0,60,"0",-88,1346,30,94,16,268,"0"
539063,"1","2","7","0",0,30,"0",-32,1273,32,91,16,268,"1"
539990,"0","1","2","0",0,30,"0",-36,470,32,90,16,268,"1"
541174,"0","0","4","0",0,120,"0",-60,828,34,68,16,268,"1"
543474,"0","0","3","0",0,90,"0",-25,245,59,79,16,268,"1"
544383,"0","1","8","1",0,60,"0",-60,1598,32,95,16,268,"1"
546604,"0","1","6","0",0,60,"0",-170,1529,31,75,16,268,"1"
547173,"0","1","6","0",0,30,"0",-142,1050,32,96,16,268,"1"
547424,"0","0","7","0",0,60,"0",-32,2310,33,87,16,268,"1"
548861,"0","1","5","0",0,60,"0",-185,2191,33,65,16,268,"1"
548992,"0","0","1","0",0,60,"0",-79,437,36,46,16,268,"2"
548994,"0","0","7","0",0,150,"0",-73,1450,32,92,16,268,"1"
549262,"0","0","4","0",0,60,"0",-81,811,32,81,16,268,"1"
549681,"0","1","1","0",0,30,"1",-32,2202,31,63,16,268,"1"
549960,"0","1","0","1",0,60,"0",-53,2862,32,86,16,268,"1"
550025,"0","1","5","0",0,60,"0",-60,1948,32,74,16,268,"1"
550059,"0","1","5","0",0,60,"0",-29,1237,32,97,16,268,"0"
551017,"1","0","1","0",0,30,"0",-114,665,34,43,16,268,"1"
551430,"0","1","2","0",0,120,"0",-42,433,32,66,16,268,"2"
552485,"0","0","3","0",0,30,"0",-22,514,32,97,16,268,"0"
552795,"0","0","8","0",0,60,"0",-24,1767,37,95,16,268,"1"
553943,"0","0","6","0",0,30,"0",-30,373,33,76,16,268,"0"
554052,"0","2","0","0",0,30,"0",-129,3159,30,100,16,268,"1"
554132,"0","0","4","0",0,60,"1",-31,471,45,63,16,268,"0"
554235,"0","1","5","1",0,60,"0",-44,1505,28,74,16,268,"2"
555447,"0","0","1","0",0,60,"0",-80,1091,31,90,16,268,"1"
556177,"0","0","2","1",0,90,"0",-22,1372,33,89,16,268,"1"
556211,"0","2","8","1",0,60,"0",-106,2392,36,85,16,268,"1"
556231,"1","0","3","0",0,30,"0",-29,1289,33,75,16,268,"0"
557147,"0","0","9","0",0,120,"0",-44,859,31,67,16,268,"1"
557415,"0","0","4","0",0,60,"0",-81,1539,33,97,16,268,"1"
557490,"0","1","2","0",0,60,"0",-83,425,37,39,16,268,"0"
558054,"0","1","4","0",0,30,"0",-52,1964,32,95,16,268,"1"
25150,"0","2","9","0",0,60,"0",-47,2103,32,97,16,241,"1"
27780,"0","0","1","0",0,150,"0",-23,553,32,65,16,241,"1"
35340,"0","0","5","0",0,60,"0",-51,1812,33,93,16,241,"1"
70537,"0","1","1","1",0,120,"0",-17,2434,32,81,16,241,"1"
128971,"0","2","8","0",0,30,"0",-26,1982,31,86,16,241,"1"
148282,"0","2","8","0",0,30,"0",-60,197,33,46,16,241,"0"
156594,"0","3","9","2",0,30,"0",-23,2094,33,84,16,241,"1"
158831,"0","0","4","0",0,60,"0",-43,981,31,92,16,241,"1"
165376,"1","0","6","0",0,120,"0",-16,911,33,92,16,241,"1"
170936,"0","2","1","1",0,60,"0",-114,339,48,83,16,241,"1"
171334,"0","0","3","1",0,60,"0",-27,380,32,97,16,241,"2"
186476,"0","0","9","0",0,30,"0",-19,1009,31,93,16,241,"1"
188260,"0","0","4","0",0,120,"0",-19,918,25,93,16,241,"1"
197730,"0","2","9","1",0,140,"0",-81,1035,32,85,16,268,"2"
231019,"0","1","5","0",0,30,"0",3,708,33,46,16,241,"0"
234559,"0","2","6","1",0,60,"0",-17,932,33,71,16,241,"1"
244166,"0","0","2","0",0,30,"0",-51,837,32,94,16,241,"0"
267961,"0","1","9","0",1,60,"0",-103,1056,32,96,16,241,"0"
274218,"0","1","4","0",0,40,"0",-22,1498,33,96,16,241,"1"
278786,"0","1","4","1",0,255,"0",-100,692,33,77,16,268,"2"
335355,"0","0","8","0",0,60,"0",-178,975,33,92,16,241,"1"
353368,"0","0","1","0",1,60,"0",-22,444,40,85,16,241,"0"
353953,"0","0","9","0",0,30,"0",-44,664,32,87,16,241,"1"
368306,"0","0","7","0",0,130,"0",-143,749,28,65,16,241,"1"
380921,"0","2","6","0",0,30,"0",-17,868,33,87,16,241,"1"
382910,"0","2","9","0",0,90,"0",-15,1299,29,89,16,241,"1"
383239,"0","1","8","0",0,30,"0",-22,1303,33,96,16,241,"1"
393488,"0","4","2","0",0,120,"0",-82,1607,33,81,16,241,"1"
410810,"1","1","9","0",0,100,"0",-24,1367,32,94,16,241,"1"
411381,"0","0","8","0",0,90,"0",-117,129,30,36,16,268,"2"
413891,"0","0","0","0",0,30,"0",-104,667,32,60,16,241,"0"
417547,"0","1","9","0",0,30,"0",-50,1280,33,78,16,241,"1"
420333,"1","1","8","1",0,30,"0",-47,2248,32,65,16,241,"1"
424978,"0","1","6","0",0,30,"0",-15,1752,32,93,16,241,"1"
437971,"0","0","8","0",0,30,"0",-103,736,32,96,16,241,"2"
441852,"0","0","7","0",1,60,"0",-60,1858,31,93,16,241,"1"
443948,"0","1","5","1",0,60,"0",-24,7119,29,95,16,241,"1"
444197,"0","0","9","0",0,30,"0",-123,1411,31,82,16,241,"1"
444349,"0","0","9","0",0,30,"1",-61,366,33,80,16,241,"0"
446077,"0","1","8","1",0,30,"0",-27,757,34,65,16,241,"0"
447235,"0","0","5","0",0,30,"0",-72,1202,32,91,16,241,"1"
469861,"0","2","6","0",0,30,"0",-149,637,31,94,16,241,"1"
474674,"1","1","3","0",0,180,"0",-110,144,33,78,16,241,"2"
475497,"0","0","5","0",0,30,"0",-182,586,27,79,16,241,"0"
478791,"0","2","6","1",0,60,"0",-74,4255,29,95,16,241,"1"
486836,"1","0","1","0",0,60,"0",-268,1242,32,68,16,241,"1"
487239,"0","0","6","0",1,120,"0",-46,2055,30,84,16,241,"1"
492403,"1","0","4","0",0,30,"0",-89,1199,33,86,16,241,"1"
494427,"0","2","2","0",0,60,"0",-53,1438,29,92,16,241,"1"
494872,"0","1","8","0",0,30,"0",-62,984,32,78,16,241,"0"
497361,"0","0","8","0",0,30,"0",-79,1423,28,95,16,241,"0"
497580,"0","0","6","0",0,30,"0",-124,1760,30,94,16,241,"1"
502640,"0","0","1","1",0,60,"0",-17,371,33,29,16,241,"2"
504062,"0","2","4","0",0,90,"0",-11,498,32,81,16,241,"1"
504652,"0","1","7","0",0,30,"0",-87,749,41,70,16,241,"1"
504728,"1","1","0","0",0,60,"0",-247,1099,32,96,16,241,"1"
505855,"0","0","6","0",0,60,"0",-150,1119,29,94,16,241,"1"
511199,"0","0","4","1",0,30,"0",-45,778,35,86,16,241,"0"
513672,"0","1","7","0",0,120,"0",-29,1484,23,94,16,241,"1"
519258,"0","1","1","1",0,60,"0",-95,1412,29,90,16,268,"2"
520824,"1","1","2","0",0,30,"0",-22,365,36,44,16,241,"2"
526051,"0","1","3","1",0,90,"1",-180,5780,30,97,16,268,"2"
529304,"0","0","1","0",1,90,"1",-137,423,33,98,16,241,"1"
531845,"0","1","4","0",0,30,"0",-123,352,33,37,16,241,"0"
538102,"0","0","5","1",0,30,"0",-57,690,32,96,16,241,"0"
541999,"0","0","3","0",0,30,"0",-89,208,33,80,16,241,"0"
542524,"0","1","0","1",0,30,"0",-43,1217,30,89,16,241,"1"
544295,"0","0","9","1",0,60,"1",-144,2957,32,84,16,241,"0"
549401,"1","1","1","1",0,60,"0",-154,388,36,50,16,241,"2"
550357,"0","0","7","0",0,30,"0",-28,1399,30,78,16,241,"1"
552067,"0","2","3","0",0,30,"0",-24,1317,33,94,16,241,"1"
555756,"0","1","9","0",0,120,"0",-34,1514,28,99,16,241,"1"
566422,"0","0","1","0",0,30,"0",-40,4936,32,88,16,241,"1"
571789,"0","0","7","0",0,45,"0",-22,625,33,88,16,241,"2"
571963,"0","0","3","0",0,90,"0",-71,1021,32,95,16,268,"2"
575473,"1","2","9","0",0,60,"1",-24,963,31,92,16,241,"1"
575777,"0","1","5","1",0,60,"0",-54,1348,27,90,16,241,"1"
577562,"0","1","6","0",1,60,"0",-66,2354,33,86,16,241,"1"
581257,"0","0","0","0",0,60,"0",-124,1401,32,83,16,241,"1"
581269,"0","0","4","1",0,120,"0",-135,1110,33,98,16,241,"1"
582094,"0","0","9","0",0,60,"0",-51,3397,32,86,16,241,"2"
583968,"0","1","1","0",0,60,"0",-257,2179,28,87,16,241,"1"
584698,"0","1","8","0",0,165,"0",-154,344,29,66,16,241,"0"
587323,"0","0","2","1",0,60,"0",-96,582,32,92,16,241,"1"
589033,"0","2","0","0",1,60,"0",-81,2649,30,83,16,241,"1"
589260,"0","1","2","1",0,30,"0",-129,2215,30,96,16,241,"1"
589828,"0","1","6","0",0,150,"1",-1,2707,34,88,16,241,"1"
591398,"0","0","9","1",0,60,"0",-43,1696,26,94,16,268,"2"
592593,"0","0","9","0",0,150,"0",-57,563,32,79,16,241,"1"
592666,"1","1","2","0",0,150,"0",-210,1968,32,83,16,241,"1"
593733,"0","2","1","0",1,60,"0",-95,2906,30,91,16,241,"1"
594131,"0","1","2","0",1,60,"1",-79,949,33,56,16,241,"1"
594684,"0","2","4","0",0,60,"0",-139,1948,20,99,16,241,"1"
595100,"0","3","8","1",0,60,"0",-35,1264,36,99,16,268,"2"
595808,"0","1","4","0",1,90,"0",-28,571,33,53,16,241,"0"
596347,"0","0","7","0",0,60,"0",-17,753,32,90,16,241,"1"
597909,"1","1","5","0",0,60,"0",-4,1357,40,62,16,241,"1"
599056,"0","2","1","0",0,30,"0",-17,545,68,88,16,241,"1"
599554,"1","2","7","1",0,60,"0",-129,2152,30,90,16,241,"1"
600623,"0","0","2","0",0,90,"0",-56,1447,32,98,16,268,"2"
600801,"0","0","9","0",1,75,"1",-25,1103,30,83,16,241,"1"
601211,"0","0","6","0",0,30,"0",-24,2696,33,99,16,241,"1"
601386,"0","0","4","0",0,30,"0",-22,1802,31,97,16,241,"1"
602721,"0","2","8","0",0,30,"0",-25,2329,20,100,16,241,"1"
603531,"0","2","7","1",0,60,"0",-29,1042,33,85,16,241,"1"
604172,"0","2","6","1",0,30,"0",-44,2728,31,100,16,241,"1"
604270,"0","1","5","1",0,30,"0",-138,1790,29,85,16,241,"1"
604337,"0","0","7","0",0,30,"0",-25,752,37,78,16,241,"0"
604789,"0","1","2","0",0,60,"0",-164,1132,29,92,16,241,"1"
607570,"0","1","1","0",0,30,"0",-109,294,33,41,16,241,"0"
610927,"0","0","3","0",0,30,"0",-100,697,33,97,16,241,"2"
611502,"0","1","6","1",0,60,"0",-22,3138,32,96,16,241,"1"
611999,"0","0","2","0",0,30,"0",-24,1290,30,79,16,241,"0"
613091,"0","0","5","0",0,30,"0",-130,228,46,85,16,241,"0"
613213,"0","1","3","1",0,60,"0",-40,3930,19,98,16,241,"1"
613790,"0","2","5","1",0,30,"0",-135,457,33,87,16,241,"2"
614234,"0","2","6","1",0,75,"0",-67,1569,28,97,16,241,"1"
614245,"0","0","4","1",0,30,"0",-107,4470,31,94,16,241,"1"
614754,"0","2","8","0",0,30,"0",-45,2555,11,91,16,241,"1"
616700,"0","1","3","1",0,30,"0",-22,1198,32,93,16,241,"2"
616708,"0","0","7","0",0,30,"0",-45,506,42,96,16,241,"0"
616927,"0","0","7","0",0,30,"0",-120,1481,33,96,16,241,"0"
617455,"0","0","7","0",0,30,"0",-22,896,33,88,16,241,"1"
617531,"0","2","5","0",0,120,"0",-45,1819,33,64,16,241,"1"
619369,"0","1","6","0",0,60,"0",-40,261,33,93,16,241,"2"
620414,"0","1","6","0",0,30,"0",-89,1095,25,59,16,241,"0"
620916,"0","1","1","0",0,60,"0",-108,583,33,74,16,241,"0"
622037,"0","0","2","0",0,30,"0",-93,2406,29,85,16,241,"0"
622280,"0","1","0","1",0,30,"0",-78,1038,45,75,16,241,"0"
622609,"0","0","1","0",0,30,"0",-93,798,31,92,16,241,"1"
623115,"0","0","6","0",0,60,"0",-43,727,29,88,16,241,"0"
623184,"1","0","8","0",0,60,"0",-93,391,32,97,16,241,"0"
623940,"0","0","2","0",0,60,"0",-82,856,33,88,16,241,"0"
624153,"0","1","8","0",0,60,"0",-75,541,32,96,16,241,"0"
624266,"1","0","4","0",0,120,"0",-28,101,33,49,16,241,"2"
624384,"0","1","5","0",0,30,"0",-22,48,41,63,16,241,"2"
625174,"1","0","4","0",0,60,"0",-65,1780,32,96,16,241,"1"
625861,"0","0","5","0",0,60,"0",-22,2363,32,86,16,241,"1"
625901,"0","1","4","1",0,30,"0",-28,319,54,27,16,241,"2"
626022,"1","1","4","0",0,30,"0",-59,2888,30,90,16,241,"2"
626494,"0","0","5","0",0,60,"0",-74,345,33,76,16,241,"0"
626749,"0","0","2","0",0,30,"0",-73,567,31,93,16,241,"1"
627390,"0","1","3","0",0,60,"0",-29,666,22,92,16,241,"2"
627461,"0","0","5","0",0,30,"0",-71,345,27,66,16,241,"0"
627961,"0","1","4","0",0,30,"0",-8,703,33,78,16,241,"0"
628054,"0","1","4","1",0,60,"0",-45,3161,39,84,16,241,"2"
628914,"0","2","3","1",0,30,"0",-60,561,40,56,16,241,"0"
628959,"0","0","7","0",0,30,"0",-57,1764,30,90,16,241,"1"
629089,"0","0","5","1",0,60,"0",-53,317,33,90,16,241,"0"
629202,"0","2","4","0",0,30,"0",-17,1167,33,99,16,241,"1"
629506,"0","1","8","0",0,60,"0",-15,1568,38,89,16,241,"1"
629627,"1","2","8","1",0,30,"0",-54,712,32,92,16,241,"2"
629753,"0","0","6","1",0,30,"0",-51,5321,29,98,16,241,"1"
630696,"0","1","7","0",0,60,"0",-45,917,28,69,16,241,"0"
630722,"0","1","6","0",0,30,"0",-45,1467,32,88,16,241,"1"
630980,"0","0","8","1",0,30,"0",-43,97,32,93,16,241,"2"
631509,"0","1","5","1",0,30,"0",-25,2650,15,90,16,241,"1"
631807,"0","2","2","1",0,30,"0",-15,690,31,86,16,241,"2"
632329,"0","4","1","1",0,30,"0",-29,713,32,65,16,241,"2"
632376,"0","1","9","0",0,30,"0",-29,406,32,99,16,241,"2"
632800,"0","1","2","0",0,30,"0",-27,2855,33,92,16,241,"0"
632883,"0","1","6","0",0,30,"0",-22,1201,30,95,16,241,"1"
632977,"0","0","6","0",0,30,"1",-27,1291,32,87,16,241,"1"
633107,"0","2","7","0",0,60,"0",-25,1756,32,86,16,241,"1"
633259,"0","1","5","0",0,30,"0",-23,206,39,94,16,241,"0"
633304,"0","1","3","0",0,30,"0",-24,803,33,92,16,241,"1"
633530,"0","1","0","1",0,60,"0",-15,905,33,96,16,241,"2"
633605,"1","0","8","0",0,60,"0",-22,422,30,94,16,241,"1"
634318,"0","1","9","0",0,30,"0",-23,1999,32,96,16,241,"1"
634869,"0","0","8","0",0,30,"0",-17,1165,33,81,16,241,"1"
996047,"0","0","2","1",0,60,"0",-17,2708,58,70,16,241,"1"
1410398,"0","2","3","1",0,60,"0",-123,720,21,88,16,241,"1"
1457691,"0","1","0","1",0,90,"0",-86,1418,28,94,16,241,"1"
1500950,"0","0","7","1",0,60,"0",-28,2775,30,95,16,241,"1"
1573624,"0","1","2","1",0,30,"0",-29,1593,27,93,16,241,"1"
1618172,"1","0","7","1",0,30,"0",-25,1560,32,88,16,241,"1"
1661805,"0","1","2","1",0,30,"0",-43,6778,31,98,16,241,"1"
1663815,"0","2","6","1",0,30,"0",-85,387,33,83,16,241,"0"
1664171,"0","1","5","1",0,90,"1",-114,291,44,92,16,241,"2"
1700371,"0","2","4","1",0,30,"0",-27,2717,30,84,16,241,"1"
1763786,"0","0","7","1",0,60,"0",-135,3826,30,97,16,241,"1"
1789319,"1","2","5","1",0,60,"0",-88,2502,31,86,16,241,"1"
1839181,"0","2","6","1",0,90,"0",-51,1128,32,94,16,241,"1"
1861830,"0","1","5","1",1,70,"0",-61,2601,31,97,16,241,"1"
2002664,"1","2","9","1",0,30,"0",-89,2846,32,88,16,241,"1"
2198914,"0","2","7","1",0,90,"0",-17,1209,33,89,16,241,"1"
2249143,"0","1","8","1",0,30,"0",-22,1166,32,91,16,241,"1"
2359504,"1","3","9","1",0,30,"0",-25,581,32,80,16,241,"0"
2364637,"0","1","6","1",0,30,"0",-22,389,35,70,16,241,"1"
2434339,"0","0","4","1",1,135,"0",-25,1384,33,99,16,241,"1"
2455893,"0","2","9","0",0,90,"0",-29,1678,26,86,16,241,"1"
2472178,"0","0","9","1",0,30,"0",-53,1215,33,99,16,241,"0"
2492827,"0","0","6","0",0,60,"0",-25,980,31,91,16,241,"1"
2520067,"1","0","0","0",0,180,"1",-57,641,31,97,16,241,"2"
2577893,"0","1","9","1",0,30,"0",-39,7064,30,74,16,241,"1"
2595665,"1","2","2","0",0,30,"0",-78,1210,31,91,16,241,"1"
2600862,"1","0","9","0",0,90,"0",-36,1966,33,93,16,241,"1"
2613219,"0","2","7","1",0,30,"0",-5,558,31,94,16,241,"0"
2632165,"0","0","7","0",0,60,"0",-25,2202,30,94,16,241,"1"
2642697,"0","1","0","0",0,30,"0",-28,2355,32,94,16,241,"1"
2647314,"0","0","2","0",0,30,"0",-29,3156,21,88,16,241,"1"
566337,"0","2","6","0",0,90,"0",-57,513,71,15,28,241,"0"
653440,"0","1","5","0",0,60,"0",-129,1401,32,88,16,269,"1"
653587,"0","1","8","0",0,60,"0",-135,791,32,94,16,269,"1"
653665,"0","0","3","0",0,30,"0",-129,1153,33,83,16,269,"1"
653688,"0","0","5","0",0,60,"0",-135,1827,32,78,16,269,"1"
653718,"0","0","7","0",0,60,"0",-135,1677,18,93,16,269,"1"
653801,"0","1","0","0",0,60,"0",-120,2093,32,86,16,269,"1"
654125,"0","0","1","0",0,30,"0",-108,657,28,93,16,269,"0"
654198,"0","1","3","0",0,30,"0",-129,2258,26,97,16,269,"1"
654213,"0","0","6","0",0,60,"0",-10,1196,32,89,16,269,"1"
654240,"0","0","6","0",0,60,"0",-29,2279,44,94,16,269,"1"
654397,"0","0","9","0",0,60,"0",-105,885,29,92,16,269,"1"
654464,"0","1","3","0",0,60,"0",-129,122,40,52,16,269,"2"
654485,"1","0","1","0",0,60,"0",-21,1903,21,80,16,269,"1"
654547,"0","2","2","1",0,60,"0",-32,1782,30,85,16,269,"1"
654668,"0","1","1","0",0,60,"0",-81,1451,32,89,16,269,"1"
654676,"0","0","0","0",0,60,"0",-79,1689,32,92,16,269,"1"
654801,"0","2","7","1",0,60,"0",-22,1775,28,90,16,269,"1"
654822,"0","0","3","1",0,60,"0",-58,2409,25,88,16,269,"1"
654876,"0","1","9","0",0,60,"0",-36,182,34,53,16,269,"2"
654891,"0","1","2","0",0,30,"0",-45,2578,31,84,16,269,"1"
655242,"0","0","6","0",0,60,"0",-37,1147,25,99,16,269,"1"
655396,"0","2","2","1",0,60,"0",-60,1748,31,80,16,269,"1"
655558,"0","1","2","0",0,120,"0",-109,285,38,70,16,269,"2"
655609,"0","0","0","0",0,60,"0",-30,1976,32,79,16,269,"1"
655680,"0","0","4","0",0,60,"0",-32,1413,31,89,16,269,"1"
655764,"0","2","1","0",0,60,"0",-121,2341,29,99,16,269,"1"
655794,"0","1","9","1",0,60,"0",-123,2461,33,98,16,269,"1"
655865,"0","2","1","0",0,60,"0",-25,2491,31,97,16,269,"1"
655869,"0","2","8","0",0,60,"0",-60,1605,28,100,16,269,"1"
655924,"1","2","5","0",0,90,"0",-25,2802,32,99,16,269,"1"
656010,"0","1","4","0",0,30,"0",-81,1153,32,60,16,269,"1"
656057,"0","2","4","0",0,60,"0",-29,2654,29,96,16,269,"1"
656134,"0","1","5","0",0,60,"0",-59,1474,32,97,16,269,"1"
656446,"0","1","6","1",0,60,"0",-52,1170,30,93,16,269,"1"
656553,"0","0","0","0",0,60,"0",-108,2121,33,73,16,269,"0"
656578,"0","0","8","0",0,60,"0",-112,1324,25,81,16,269,"1"
656815,"0","1","7","0",0,60,"0",-46,1631,30,95,16,269,"1"
656854,"0","0","2","0",0,60,"0",-92,1597,29,86,16,269,"1"
657002,"0","0","6","0",0,60,"0",-113,1429,32,99,16,269,"1"
657062,"0","0","8","0",0,60,"0",-51,2115,30,92,16,269,"1"
657091,"0","1","7","1",0,60,"0",-102,302,31,16,16,269,"2"
657128,"0","1","7","1",0,30,"0",-9,1671,31,93,16,269,"1"
657196,"0","0","7","0",0,60,"0",-35,2113,31,100,16,269,"1"
657209,"1","0","2","0",0,60,"0",-114,1680,28,95,16,269,"2"
657226,"0","1","7","0",0,60,"0",-31,699,32,87,16,269,"1"
674253,"0","0","6","0",0,30,"0",-92,1470,38,72,16,269,"1"
674720,"0","1","3","0",0,60,"0",-50,318,31,81,16,269,"0"
674853,"0","1","7","0",0,60,"0",-18,1144,45,88,16,269,"1"
674888,"0","0","1","0",0,60,"0",-81,352,33,86,16,269,"2"
674889,"0","0","7","0",0,60,"0",-78,654,33,94,16,269,"1"
674941,"0","0","7","0",0,60,"0",-50,2139,29,94,16,269,"1"
675162,"0","0","4","0",0,60,"0",-78,937,33,97,16,269,"1"
675365,"0","0","8","0",0,60,"0",-63,2448,32,95,16,269,"1"
675537,"0","2","0","0",0,60,"0",-51,1372,33,84,16,269,"1"
675663,"0","0","5","0",0,30,"0",-108,765,31,91,16,269,"0"
675773,"0","0","2","0",0,90,"0",-107,765,24,94,16,269,"1"
675840,"0","0","9","0",0,60,"0",-105,2571,33,65,16,269,"1"
676084,"0","2","7","0",0,30,"0",-32,1553,32,89,16,269,"1"
676333,"0","0","6","0",0,60,"0",-23,1728,32,97,16,269,"1"
676482,"0","2","8","0",0,60,"0",-25,3555,18,97,16,269,"1"
676611,"0","1","8","0",0,60,"0",-102,524,41,71,16,269,"1"
676676,"0","0","4","0",0,30,"0",-36,2439,30,97,16,269,"1"
676722,"0","0","7","0",0,60,"0",-9,2159,32,89,16,269,"1"
676724,"0","0","5","0",0,30,"0",-102,1461,31,89,16,269,"1"
676805,"0","0","6","0",0,30,"0",-102,1997,32,91,16,269,"1"
676812,"0","0","6","0",0,30,"0",-102,271,32,66,16,269,"0"
676834,"1","0","2","0",0,30,"0",-101,3802,29,99,16,269,"1"
677040,"0","1","5","0",0,60,"0",-95,1618,31,99,16,269,"1"
677049,"0","0","1","0",0,30,"0",-100,112,33,68,16,269,"0"
677189,"1","2","7","0",0,60,"0",-92,2571,32,92,16,269,"1"
677197,"0","1","0","0",0,60,"0",-100,1855,32,98,16,269,"0"
677232,"0","2","3","1",0,30,"0",-43,1282,26,80,16,269,"0"
677457,"1","0","8","0",0,60,"0",-25,1359,33,88,16,269,"1"
677631,"0","0","3","0",0,60,"0",-95,243,34,57,16,269,"2"
677897,"1","2","7","0",0,150,"0",-42,1218,24,90,16,269,"1"
677900,"0","0","8","0",0,60,"0",-94,2124,31,80,16,269,"1"
677947,"0","0","8","0",0,60,"1",-37,743,32,84,16,269,"0"
678015,"0","0","5","0",0,60,"0",-81,2120,31,94,16,269,"1"
678026,"1","0","0","0",0,60,"0",-71,837,32,66,16,269,"1"
678310,"0","1","5","0",0,120,"0",-72,448,32,94,16,269,"2"
678341,"0","0","5","0",0,90,"0",-63,5208,32,94,16,269,"1"
678508,"1","1","3","0",0,60,"0",-34,3210,32,96,16,269,"1"
678701,"1","0","7","0",0,30,"0",-92,803,42,87,16,269,"1"
678715,"1","0","5","0",0,90,"0",-22,1222,29,96,16,269,"1"
678929,"0","1","8","0",0,90,"0",-85,2947,18,94,16,269,"1"
678970,"1","0","5","0",0,30,"0",-91,961,29,97,16,269,"1"
679541,"0","2","9","0",0,60,"0",-60,622,32,92,16,269,"1"
679631,"0","1","4","0",0,60,"0",-71,2797,19,86,16,269,"1"
679801,"0","0","8","0",0,60,"0",-52,2473,33,82,16,269,"1"
680442,"0","1","6","0",0,120,"0",-23,387,32,97,16,269,"2"
680483,"0","1","6","0",0,60,"0",-81,1904,30,96,16,269,"1"
680644,"0","2","5","0",0,60,"0",-59,3250,28,97,16,269,"1"
680894,"0","2","3","0",0,30,"0",-22,778,31,63,16,269,"1"
681001,"1","2","4","1",0,60,"1",-79,4939,28,98,16,269,"1"
681200,"0","1","1","0",0,60,"0",-44,3603,30,90,16,269,"1"
681327,"0","1","3","0",0,60,"0",-79,808,29,97,16,269,"1"
681369,"0","0","6","0",0,60,"0",-65,2250,30,97,16,269,"1"
681379,"1","1","2","0",0,60,"0",-79,879,33,73,16,269,"0"
681416,"1","0","6","0",0,90,"0",-65,2876,32,87,16,269,"1"
681759,"0","0","8","0",0,60,"0",-24,511,31,76,16,269,"2"
681861,"0","0","4","0",0,60,"0",-23,1536,33,92,16,269,"2"
682217,"0","1","5","0",0,60,"0",-44,306,40,49,16,269,"2"
682239,"0","2","6","0",0,60,"0",-60,1660,33,76,16,269,"1"
682355,"0","0","9","0",0,90,"0",-64,1240,32,81,16,269,"1"
682758,"1","0","7","0",0,120,"0",-24,262,33,95,16,269,"0"
683079,"0","1","1","1",0,30,"0",-67,2151,33,85,16,269,"1"
683246,"0","0","8","0",0,60,"0",-45,284,39,68,16,269,"0"
683270,"0","0","1","1",0,30,"0",-43,2865,31,96,16,269,"1"
683492,"0","1","4","1",0,60,"0",-67,2857,22,89,16,269,"0"
683640,"0","1","8","1",0,60,"0",-65,638,33,91,16,269,"2"
683728,"0","0","4","1",0,60,"0",-21,1507,22,96,16,269,"1"
684050,"0","2","7","1",0,60,"0",-65,2466,15,93,16,269,"1"
684064,"0","0","8","0",0,60,"0",-45,1706,33,93,16,269,"1"
684225,"0","0","8","0",0,60,"0",-51,1016,33,97,16,269,"1"
684357,"0","0","9","0",0,60,"0",-30,3039,32,97,16,269,"1"
684473,"1","0","4","0",0,90,"0",-23,1117,33,70,16,269,"2"
684504,"0","2","3","1",0,30,"0",-64,1195,38,89,16,269,"1"
684532,"0","1","4","1",0,30,"0",-53,3168,32,95,16,269,"1"
684567,"0","2","2","0",0,60,"0",-10,982,33,100,16,269,"1"
684610,"0","2","1","0",0,60,"0",-15,2471,30,87,16,269,"1"
684825,"0","2","8","0",0,90,"0",-25,2013,32,100,16,269,"1"
684907,"0","1","5","0",0,60,"0",-20,1889,30,88,16,269,"1"
684967,"0","0","1","0",0,30,"0",-58,1261,23,97,16,269,"0"
685060,"0","1","4","0",0,60,"0",-60,1166,32,86,16,269,"1"
685152,"0","0","1","0",0,90,"0",-32,1517,33,90,16,269,"1"
685176,"1","1","2","0",0,60,"0",-57,663,31,93,16,269,"0"
685199,"0","1","5","1",0,60,"0",-59,1452,31,97,16,269,"1"
685284,"0","2","0","1",0,60,"0",-10,1343,17,88,16,269,"1"
685292,"0","1","2","1",0,120,"0",-28,1420,34,83,16,269,"1"
685370,"0","2","6","0",0,60,"0",-17,1566,31,74,16,269,"1"
685499,"0","0","6","0",0,60,"0",-58,1737,32,89,16,269,"1"
685517,"0","1","3","0",0,60,"0",-35,2759,20,97,16,269,"1"
685668,"0","0","6","0",0,60,"0",-28,2421,32,94,16,269,"1"
685804,"0","2","3","1",0,60,"0",-22,280,44,18,16,269,"0"
686051,"0","1","7","1",0,60,"0",-25,1510,28,81,16,269,"1"
686287,"0","0","4","0",0,60,"0",-46,1266,31,85,16,269,"0"
686447,"0","1","8","0",0,60,"0",-30,2576,33,89,16,269,"1"
686476,"1","1","1","1",0,60,"0",-14,974,31,88,16,269,"1"
686525,"0","2","5","0",0,60,"0",-28,1873,33,90,16,269,"1"
686564,"0","0","2","0",0,60,"0",-50,3440,21,95,16,269,"1"
686593,"0","1","5","0",0,60,"0",-25,3049,32,98,16,269,"1"
686708,"1","0","0","0",0,60,"0",-53,1508,32,80,16,269,"1"
686753,"0","0","9","0",0,60,"0",-45,1742,32,97,16,269,"1"
686913,"0","1","8","0",0,60,"0",-28,580,33,69,16,269,"1"
687194,"0","0","5","0",0,60,"0",-23,567,33,83,16,269,"0"
687370,"0","2","8","0",0,60,"0",-29,1711,32,83,16,269,"1"
687498,"0","3","8","0",0,30,"0",-23,395,25,98,16,269,"2"
687563,"0","2","1","0",0,60,"0",-32,4070,33,94,16,269,"1"
687574,"0","0","5","0",0,60,"0",-18,2216,32,98,16,269,"1"
687757,"0","2","6","0",0,30,"0",-34,1976,24,93,16,269,"1"
687945,"0","0","1","0",0,60,"0",-29,3180,29,85,16,269,"1"
688118,"0","0","9","0",0,60,"0",-38,1781,33,82,16,269,"1"
688133,"0","0","1","0",0,60,"0",-49,3998,32,100,16,269,"1"
688287,"0","0","7","0",0,60,"0",-49,1375,33,85,16,269,"1"
688310,"0","0","7","0",0,60,"0",-23,2655,33,96,16,269,"1"
688404,"0","1","2","0",0,30,"0",-46,453,44,61,16,269,"2"
688662,"0","1","6","0",0,60,"0",-37,3253,31,99,16,269,"1"
688742,"0","1","6","0",0,60,"0",-38,1223,31,88,16,269,"1"
688763,"0","0","3","0",0,30,"0",-41,1378,32,76,16,269,"2"
688870,"0","1","5","1",0,30,"0",-45,1005,31,75,16,269,"0"
688924,"0","0","6","0",0,60,"0",-31,766,30,96,16,269,"1"
688974,"0","0","4","0",0,30,"1",-29,99,34,63,16,269,"0"
689161,"0","2","3","1",0,30,"0",-10,1651,33,98,16,269,"1"
689250,"1","0","9","0",0,30,"0",-45,4133,32,99,16,269,"1"
689288,"0","1","1","0",0,60,"0",-36,1911,32,83,16,269,"1"
689370,"0","1","2","0",0,60,"0",-44,1662,31,100,16,269,"1"
689389,"0","0","6","0",0,60,"0",-38,1702,33,92,16,269,"1"
689763,"1","0","0","0",0,180,"0",-22,889,84,79,16,269,"0"
689786,"0","1","6","1",0,60,"0",-37,530,33,62,16,269,"2"
689840,"0","0","8","1",0,60,"0",-10,4792,29,94,16,269,"1"
689983,"0","1","3","0",0,60,"0",-38,2315,31,88,16,269,"1"
690016,"0","2","5","0",0,60,"0",-25,791,32,92,16,269,"1"
690095,"0","1","6","1",0,60,"0",-23,3408,32,97,16,269,"1"
690241,"1","2","8","0",0,240,"0",-32,2824,31,97,16,269,"1"
690370,"0","1","5","0",0,60,"0",-38,1039,28,82,16,269,"1"
690553,"0","2","6","0",0,30,"0",-8,855,32,98,16,269,"1"
690586,"0","0","5","0",0,60,"0",-36,2592,23,96,16,269,"1"
690917,"0","2","6","0",0,120,"0",-36,1906,22,93,16,269,"1"
691078,"0","1","7","1",0,30,"0",-29,1015,32,91,16,269,"1"
691189,"0","1","1","0",0,30,"0",-23,3194,27,87,16,269,"1"
691248,"0","1","9","0",0,60,"0",-14,955,22,62,16,269,"0"
691536,"0","1","5","0",0,60,"0",-30,3278,25,95,16,269,"1"
691701,"0","0","0","0",0,30,"0",-15,1058,33,88,16,269,"0"
691790,"1","0","3","1",0,30,"0",-9,1878,31,86,16,269,"1"
691875,"0","0","5","1",0,60,"0",-35,2692,29,96,16,269,"1"
691978,"0","0","0","0",0,30,"1",-36,196,33,0,16,269,"2"
692012,"1","0","9","0",0,30,"0",-35,533,30,90,16,269,"0"
692354,"0","0","6","0",0,60,"0",-5,360,31,92,16,269,"1"
692534,"0","1","0","0",0,60,"0",-28,1141,32,88,16,269,"1"
692646,"0","2","3","0",0,30,"0",-32,3175,30,91,16,269,"1"
692723,"0","1","3","0",0,30,"0",-29,517,33,98,16,269,"2"
692924,"0","0","3","0",0,60,"0",-28,2279,32,93,16,269,"1"
692991,"0","0","4","1",0,60,"0",-30,2537,30,83,16,269,"1"
693069,"0","2","5","1",0,60,"0",-23,2102,32,93,16,269,"1"
693221,"0","1","0","0",0,60,"0",-8,1926,31,96,16,269,"1"
693235,"1","0","2","1",0,60,"0",-31,3128,31,92,16,269,"1"
693308,"1","1","0","0",0,60,"0",-29,574,33,86,16,269,"1"
693416,"0","0","7","0",0,30,"0",-31,990,32,86,16,269,"1"
693478,"0","0","8","0",0,60,"0",-29,384,32,90,16,269,"1"
693640,"0","0","4","0",0,30,"0",-30,1873,32,82,16,269,"1"
693959,"0","0","6","1",0,60,"0",-29,1477,31,87,16,269,"1"
694132,"0","2","6","1",0,60,"0",-8,1564,28,96,16,269,"1"
694218,"0","0","4","0",0,90,"0",-22,2694,32,97,16,269,"1"
694246,"0","0","7","0",0,60,"0",-22,2106,28,89,16,269,"1"
694304,"0","1","0","0",0,60,"0",-21,673,33,77,16,269,"2"
694457,"1","0","2","0",0,30,"0",-28,635,32,90,16,269,"0"
694571,"0","0","5","0",0,90,"0",-15,3646,30,85,16,269,"1"
694589,"0","2","6","0",0,30,"0",-25,962,33,86,16,269,"1"
694684,"0","2","8","0",0,30,"0",-23,986,36,66,16,269,"0"
694735,"1","2","6","0",0,120,"0",-25,671,33,93,16,269,"2"
694779,"0","0","7","0",0,60,"0",-16,1413,33,83,16,269,"1"
694854,"0","0","4","0",0,60,"0",-23,1386,32,91,16,269,"1"
695094,"0","0","9","0",0,60,"0",-21,833,33,83,16,269,"2"
695435,"0","0","5","1",0,30,"0",-23,3678,32,97,16,269,"1"
695638,"0","0","5","0",0,30,"0",-23,259,32,91,16,269,"0"
695668,"0","2","9","0",0,60,"0",-17,1750,31,94,16,269,"1"
695855,"0","1","5","0",0,30,"0",-23,1257,32,92,16,269,"1"
695919,"0","0","6","0",0,30,"0",-23,850,32,86,16,269,"1"
695932,"0","1","3","0",0,30,"0",-17,1150,32,85,16,269,"0"
695944,"0","0","9","0",0,30,"0",-23,680,33,80,16,269,"1"
696044,"0","0","7","1",0,60,"0",-14,341,33,84,16,269,"0"
696128,"1","0","6","0",0,60,"0",4,1211,31,82,16,269,"1"
696192,"0","0","3","0",0,30,"0",-23,1242,33,99,16,269,"1"
696325,"0","0","5","1",0,60,"0",-17,896,32,95,16,269,"0"
696361,"0","2","5","1",0,30,"0",-16,1892,33,100,16,269,"1"
696485,"0","1","1","0",0,60,"0",-22,542,33,71,16,269,"1"
696577,"0","2","6","0",0,60,"0",-18,915,32,84,16,269,"1"
697041,"0","0","1","0",0,60,"0",-20,1653,30,96,16,269,"1"
697113,"0","1","0","1",0,60,"0",-18,1742,32,80,16,269,"0"
697461,"0","2","1","1",0,30,"0",-16,6964,30,96,16,269,"1"
697482,"0","0","2","0",0,60,"0",-17,492,32,88,16,269,"0"
697658,"0","0","3","1",0,90,"0",-16,4005,28,98,16,269,"1"
697781,"0","2","2","0",0,30,"0",-17,724,34,71,16,269,"1"
698011,"1","2","1","0",0,120,"0",-8,2596,32,94,16,269,"1"
698092,"0","0","2","0",0,60,"0",-13,420,35,48,16,269,"0"
698300,"0","0","1","0",0,60,"0",-8,2529,33,82,16,269,"1"
698413,"0","2","4","1",0,60,"0",-14,1273,32,96,16,269,"1"
698417,"0","2","9","1",0,60,"0",-14,2946,40,80,16,269,"1"
699170,"0","0","7","0",0,30,"0",-7,616,33,88,16,269,"0"
1334225,"1","1","5","2",0,30,"0",2,4458,31,94,16,269,"1"
1354095,"1","0","6","1",0,30,"0",-25,4393,28,86,16,269,"1"
1429504,"0","0","9","1",0,60,"0",-16,2389,33,91,16,269,"1"
1483814,"1","0","3","1",0,240,"1",-13,2230,25,100,16,269,"1"
1497822,"0","1","7","1",0,60,"0",-93,1667,32,95,16,269,"1"
1679610,"0","2","7","1",0,60,"0",-36,5235,22,97,16,269,"1"
1797068,"0","1","6","1",0,60,"0",-115,3685,31,82,16,269,"1"
1878648,"0","2","3","1",0,150,"0",-31,2383,31,96,16,269,"1"
1895288,"0","0","8","1",0,60,"0",-42,1988,30,100,16,269,"1"
1943214,"1","1","4","1",0,60,"0",-49,658,37,77,16,269,"2"
2004220,"0","0","6","1",0,30,"0",-78,505,37,88,16,269,"1"
2024200,"0","2","7","1",0,30,"0",-137,1112,31,100,16,269,"0"
2050998,"0","0","6","1",0,60,"0",-150,604,32,77,16,269,"2"
2065756,"0","1","5","0",0,150,"0",-30,4169,31,93,16,269,"1"
2067969,"0","2","7","1",0,60,"0",-10,1299,22,96,16,269,"1"
2072671,"0","2","9","1",0,60,"1",-21,205,33,79,16,269,"0"
2137785,"0","2","8","1",0,30,"0",-15,531,33,59,16,269,"1"
2151019,"0","1","3","1",0,60,"0",-51,782,33,99,16,269,"0"
2173643,"0","1","6","1",0,60,"0",-35,2015,24,94,16,269,"1"
2192061,"0","2","8","1",0,30,"0",-84,2478,31,98,16,269,"1"
2204389,"1","2","9","1",0,30,"0",-18,2611,48,99,16,269,"1"
2221654,"0","0","8","0",0,60,"0",-50,821,34,99,16,269,"1"
2229389,"0","1","3","0",0,90,"1",-53,1752,29,96,16,269,"1"
2230251,"0","1","0","1",0,60,"0",-31,801,33,55,16,269,"1"
2257400,"1","1","7","0",0,60,"0",-23,1667,32,83,16,269,"1"
2258124,"0","0","6","0",0,30,"0",-99,1079,32,93,16,269,"1"
2259662,"0","1","4","0",0,60,"0",-46,1189,33,93,16,269,"1"
2281441,"0","3","9","1",0,115,"0",-20,4655,30,95,16,269,"1"
2286544,"0","0","3","0",0,30,"0",-17,1979,33,93,16,269,"1"
2289071,"0","0","8","0",0,30,"0",-25,1004,33,87,16,269,"1"
2290886,"0","2","5","0",0,60,"0",-10,2244,54,93,16,269,"1"
2297016,"0","2","5","1",0,120,"0",-23,2504,32,98,16,269,"1"
2352407,"1","0","4","1",0,90,"0",-50,2453,33,88,16,269,"1"
2355274,"0","0","4","0",0,30,"0",-71,2184,33,75,16,269,"1"
2410632,"0","4","1","1",0,90,"0",-22,684,33,86,16,269,"0"
2427886,"0","1","3","0",0,60,"0",-126,1795,33,84,16,269,"0"
2436584,"0","0","5","1",0,30,"0",-36,342,30,85,16,269,"0"
2442423,"0","2","4","0",0,90,"0",-16,478,41,91,16,269,"1"
2453691,"0","1","5","0",0,60,"0",-95,2212,30,98,16,269,"1"
2484189,"0","1","6","0",0,60,"0",-66,154,34,59,16,269,"2"
2498614,"0","2","4","1",0,30,"0",-14,781,32,84,16,269,"2"
2533383,"0","2","6","1",0,30,"0",-15,1438,31,98,16,269,"1"
2535666,"0","1","5","1",0,60,"0",-64,7000,39,78,16,269,"1"
2538792,"0","0","5","0",0,60,"1",-15,691,33,98,16,269,"1"
2542182,"0","0","2","0",0,60,"0",-9,1233,31,88,16,269,"1"
2550960,"1","0","9","1",0,30,"0",-13,1550,30,92,16,269,"1"
2579558,"0","0","4","0",0,60,"0",-1,289,33,54,16,269,"2"
2592973,"0","1","7","0",0,30,"0",-115,5352,39,85,16,269,"1"
2599179,"0","0","6","0",0,90,"0",-146,1915,32,95,16,269,"1"
2626779,"0","3","9","0",0,60,"0",-50,2598,32,95,16,269,"1"
2627992,"0","0","6","1",0,60,"0",-102,6112,31,89,16,269,"1"
2639115,"0","1","7","0",0,60,"0",-60,3552,32,92,16,269,"1"
2654928,"0","1","9","0",0,60,"0",-146,1785,30,91,16,269,"1"
2663195,"0","1","9","0",0,30,"0",-51,1112,33,91,16,269,"1"
2686053,"0","0","4","1",0,30,"0",-95,2336,30,86,16,269,"1"
47061,"0","0","9","0",0,30,"0",-16,347,32,73,16,269,"1"
62034,"0","1","5","0",0,60,"0",-103,1889,31,91,16,269,"1"
67539,"0","1","1","0",0,60,"0",-46,1438,33,75,16,269,"1"
70827,"0","2","3","0",0,210,"0",-29,269,38,62,16,269,"2"
80358,"0","1","6","0",0,120,"0",-17,1502,35,71,16,269,"1"
89545,"0","2","9","0",0,30,"0",-74,595,33,92,16,269,"1"
108281,"0","2","1","1",0,30,"0",-57,3797,30,97,16,269,"1"
108497,"0","1","0","0",0,60,"0",-50,2208,32,97,16,269,"1"
110789,"1","1","8","0",0,60,"0",-78,1084,33,78,16,269,"1"
121163,"0","1","1","0",0,30,"0",-22,449,26,90,16,269,"2"
124304,"0","0","1","0",0,60,"0",-60,1995,29,94,16,269,"1"
126450,"0","0","2","0",0,60,"0",-66,2566,32,91,16,269,"1"
128817,"0","1","9","1",0,60,"0",-53,735,31,66,16,269,"2"
131776,"1","0","5","0",0,60,"0",-35,1065,33,95,16,269,"1"
134212,"0","0","2","0",0,60,"0",-37,2096,32,90,16,269,"1"
135763,"0","0","9","1",1,40,"0",-103,581,31,83,16,269,"1"
158708,"0","2","8","0",0,30,"0",-32,1680,31,86,16,269,"1"
159287,"0","2","3","0",0,90,"0",-110,2892,16,80,16,269,"1"
162210,"0","1","7","1",0,90,"0",-23,2955,34,90,16,269,"1"
171843,"0","1","3","0",0,90,"0",-149,1260,32,79,16,269,"1"
173341,"0","2","5","1",0,60,"0",-80,96,33,58,16,269,"0"
175940,"0","0","4","0",0,60,"0",-51,900,33,88,16,269,"1"
177472,"1","1","4","0",0,30,"0",-13,549,33,97,16,269,"0"
189117,"0","1","7","1",0,30,"0",-5,1141,30,90,16,269,"1"
195252,"1","0","0","0",0,50,"0",-103,437,33,72,16,269,"0"
196132,"0","1","7","1",0,60,"0",-11,2433,27,86,16,269,"1"
202606,"0","2","9","0",0,60,"0",-130,2728,19,98,16,269,"1"
231017,"0","0","9","1",0,30,"0",-107,1520,32,78,16,269,"1"
233335,"0","0","0","0",0,30,"1",-53,1892,38,86,16,269,"1"
233685,"0","0","7","0",0,60,"0",-66,4439,30,70,16,269,"1"
239908,"0","0","7","0",0,150,"0",-89,806,31,84,16,269,"1"
241728,"0","0","2","0",0,30,"0",-46,8641,31,100,16,269,"1"
243926,"0","0","4","0",0,90,"0",-53,750,33,61,16,269,"0"
250159,"1","2","6","0",0,150,"0",-53,1167,29,72,16,269,"1"
269220,"0","1","7","0",0,60,"1",-24,1600,33,85,16,269,"1"
270988,"0","2","6","0",0,60,"0",-24,1544,32,87,16,269,"1"
274967,"0","0","4","1",0,30,"0",-24,1581,33,78,16,269,"1"
298148,"0","2","7","0",0,80,"0",-30,741,31,93,16,269,"1"
299707,"1","0","5","0",0,150,"1",-150,1337,23,98,16,269,"1"
307953,"0","1","8","1",0,30,"0",-140,1073,32,92,16,269,"1"
310968,"0","1","2","0",0,60,"0",-7,1598,27,89,16,269,"1"
318769,"0","1","3","0",0,60,"0",-38,2066,32,84,16,269,"1"
318855,"0","1","8","0",0,60,"0",-38,93,53,46,16,269,"0"
332945,"0","2","5","0",0,60,"0",-22,2711,32,98,16,269,"1"
333637,"0","0","9","0",0,30,"0",-34,607,30,65,16,269,"1"
341010,"0","1","3","1",0,30,"0",-24,2824,31,90,16,269,"0"
345288,"0","0","1","0",0,60,"0",-74,2875,33,84,16,269,"1"
348288,"0","0","7","0",1,60,"0",-24,859,33,91,16,269,"1"
355049,"0","0","5","0",0,60,"0",-101,2766,30,87,16,269,"1"
355617,"1","2","7","0",0,30,"0",-100,1065,30,81,16,269,"1"
356735,"0","0","8","0",0,30,"1",-63,2799,32,97,16,269,"1"
360266,"1","2","8","1",0,60,"0",-106,4315,32,100,16,269,"1"
364322,"0","1","3","1",0,30,"0",-25,1004,33,55,16,269,"1"
369713,"0","0","3","0",0,60,"0",-59,1487,28,94,16,269,"1"
369942,"0","2","2","1",0,60,"0",-46,2258,32,93,16,269,"1"
381185,"0","2","8","1",0,120,"0",-22,4316,33,98,16,269,"1"
381586,"0","0","5","0",0,60,"0",-88,1188,32,89,16,269,"1"
381983,"1","2","2","1",0,30,"0",-14,809,30,75,16,269,"0"
391301,"0","1","8","0",1,30,"0",-30,265,36,81,16,269,"0"
396674,"0","0","7","0",0,60,"0",-30,1379,33,96,16,269,"1"
398019,"0","0","8","1",1,30,"0",-23,1435,30,94,16,269,"0"
398413,"0","0","4","1",0,60,"0",-32,2639,23,70,16,269,"1"
401240,"0","0","3","0",0,60,"0",-45,2368,30,90,16,269,"1"
402295,"0","1","5","0",0,60,"0",-80,2412,19,92,16,269,"1"
404200,"0","0","2","1",0,45,"0",-29,806,30,100,16,269,"1"
404695,"1","1","2","0",0,90,"0",-52,1324,32,92,16,269,"1"
407731,"0","1","6","0",0,60,"0",-38,1754,33,84,16,269,"1"
408763,"0","0","3","0",0,60,"0",-64,1599,35,92,16,269,"1"
410587,"0","2","1","1",0,65,"0",-29,2023,28,96,16,269,"1"
410592,"0","2","4","0",0,120,"0",-36,3940,26,81,16,269,"1"
411619,"0","0","6","0",0,30,"0",-32,3313,31,99,16,269,"1"
418035,"0","1","1","1",0,30,"1",-72,1347,26,88,16,269,"1"
418216,"0","1","1","0",0,40,"0",-22,1535,32,95,16,269,"1"
423947,"0","0","4","0",1,60,"0",-28,2207,31,95,16,269,"1"
425858,"0","1","3","0",0,60,"1",-93,138,52,78,16,269,"0"
434347,"0","0","6","1",0,30,"0",-51,2118,30,98,16,269,"1"
434503,"0","1","0","0",1,60,"0",-34,553,33,90,16,269,"2"
436213,"0","2","7","1",0,60,"0",-10,598,29,92,16,269,"0"
441385,"0","3","7","1",0,90,"0",-16,1331,32,83,16,269,"0"
441895,"0","0","3","0",0,30,"1",-81,1213,32,77,16,269,"1"
442359,"0","1","0","0",0,60,"0",-57,1952,32,90,16,269,"1"
443200,"0","2","8","1",0,60,"0",-79,3321,32,95,16,269,"1"
443498,"0","1","1","0",0,30,"0",-32,1938,13,98,16,269,"1"
445049,"0","0","3","0",1,30,"1",-74,1739,33,43,16,269,"1"
447659,"0","1","8","0",1,120,"0",-5,388,33,63,16,269,"2"
466508,"0","2","9","0",0,30,"0",-77,951,30,68,16,269,"1"
466892,"0","0","0","0",0,60,"0",-96,10151,24,94,16,269,"1"
469424,"0","0","2","0",0,90,"0",-23,1645,32,87,16,269,"1"
470461,"0","1","4","0",0,60,"0",-22,3943,32,77,16,269,"1"
474290,"0","0","9","0",0,120,"0",-16,508,32,93,16,269,"1"
476438,"1","0","2","1",0,60,"0",-120,3243,30,98,16,269,"1"
476497,"0","0","6","0",0,60,"0",-147,612,31,78,16,269,"0"
480579,"1","0","1","0",0,60,"0",-128,1731,33,89,16,269,"1"
481787,"0","0","6","0",0,60,"0",-17,1120,33,77,16,269,"1"
481884,"0","1","6","0",0,30,"0",16,582,43,48,16,269,"0"
482030,"0","1","8","0",0,60,"0",-155,1337,38,90,16,269,"1"
483131,"0","0","2","0",0,60,"0",-115,986,25,90,16,269,"1"
491664,"0","0","5","0",0,60,"0",-102,537,33,76,16,269,"1"
494270,"0","0","8","1",0,90,"0",-137,2510,31,99,16,269,"1"
502548,"1","1","3","0",0,60,"0",-63,2022,26,100,16,269,"1"
507967,"0","2","1","0",0,60,"0",-30,739,33,93,16,269,"0"
509780,"1","1","6","0",0,60,"0",-42,2736,32,99,16,269,"1"
510402,"0","0","0","0",0,60,"0",-60,2187,32,96,16,269,"1"
515977,"0","1","1","0",0,60,"0",-59,1706,32,87,16,269,"1"
517094,"0","0","3","0",2,60,"0",-21,1258,33,96,16,269,"1"
521541,"0","0","1","0",0,60,"0",-21,922,33,87,16,269,"0"
522645,"0","2","6","0",0,60,"0",-122,264,33,84,16,269,"0"
523804,"0","1","1","0",0,30,"0",-87,183,31,81,16,269,"0"
525217,"0","1","9","0",0,60,"0",-37,1913,32,91,16,269,"1"
525625,"0","0","3","0",0,60,"0",-30,1637,31,90,16,269,"1"
530087,"0","2","8","0",0,90,"0",-29,1515,33,93,16,269,"1"
532579,"0","0","2","0",0,30,"0",-74,10168,30,95,16,269,"1"
536984,"0","1","7","1",0,60,"0",-3,2543,31,100,16,269,"1"
540219,"0","0","3","0",0,60,"0",-23,2561,38,93,16,269,"1"
542279,"1","2","2","0",0,60,"0",-24,2115,31,96,16,269,"1"
543931,"0","1","4","0",0,60,"0",-23,1719,31,96,16,269,"1"
548807,"0","0","6","0",0,60,"0",-7,1120,36,87,16,269,"1"
550573,"0","2","6","0",2,90,"0",-32,1237,31,93,16,269,"1"
551182,"0","1","3","0",0,60,"0",-144,1670,33,85,16,268,"2"
557229,"0","1","1","1",0,60,"0",-115,3993,32,79,16,269,"1"
558509,"0","1","4","0",0,60,"0",-56,1326,29,71,16,269,"1"
560707,"0","2","9","0",1,30,"0",-8,807,32,84,16,269,"1"
560881,"0","0","2","0",0,90,"1",-35,1710,32,79,16,269,"0"
560921,"0","2","4","0",0,30,"0",-23,1008,33,81,16,269,"1"
561413,"1","1","0","0",0,60,"0",-64,5776,24,99,16,269,"1"
563534,"0","0","0","1",0,60,"0",-93,815,32,97,16,269,"2"
564445,"0","2","4","1",0,60,"0",-149,1091,33,80,16,269,"1"
564734,"0","1","8","0",0,60,"0",-30,2800,32,95,16,269,"1"
565952,"1","0","4","0",0,60,"1",-28,1541,33,84,16,269,"1"
566279,"0","0","0","0",1,90,"0",-21,1103,33,95,16,269,"1"
569372,"0","2","2","1",0,30,"0",-24,7422,32,100,16,269,"1"
569953,"1","1","2","0",0,30,"0",-78,1391,30,99,16,269,"1"
570045,"0","0","4","0",0,60,"0",-59,2853,31,91,16,269,"1"
570273,"0","0","9","0",1,60,"0",-59,2870,29,99,16,269,"1"
573503,"0","1","4","1",0,120,"0",-25,535,31,98,16,269,"2"
575066,"0","0","9","0",0,90,"0",-67,3678,42,82,16,269,"0"
575411,"0","0","1","1",0,60,"0",-74,1418,32,99,16,269,"1"
575623,"0","1","7","0",0,60,"0",-93,5562,32,100,16,269,"1"
578469,"0","0","1","0",0,60,"0",-22,1999,33,95,16,269,"1"
581082,"0","0","9","0",0,60,"0",-113,3816,32,97,16,269,"1"
581238,"0","1","7","1",0,60,"0",-155,1780,13,83,16,269,"1"
581851,"0","2","9","1",1,30,"0",-88,5763,15,77,16,269,"1"
583719,"0","0","7","0",0,60,"0",-5,2157,31,98,16,269,"1"
584514,"0","1","6","0",0,90,"0",-138,420,33,57,16,268,"2"
584718,"0","1","9","1",0,60,"0",-52,2748,32,87,16,269,"0"
585852,"0","1","6","0",0,60,"0",-101,2520,32,89,16,269,"1"
586474,"0","0","9","0",0,30,"0",-106,1075,31,95,16,269,"1"
590837,"0","1","3","0",0,60,"0",-10,1412,32,56,16,269,"1"
591523,"0","0","4","1",0,150,"0",-2,4707,32,98,16,269,"1"
591761,"1","2","4","0",0,30,"0",-23,940,32,60,16,269,"1"
592047,"1","2","5","0",0,60,"0",-94,5084,22,95,16,269,"1"
592843,"0","0","6","0",0,60,"0",-129,2315,32,87,16,269,"1"
593038,"1","0","4","1",0,120,"0",-29,1132,26,93,16,269,"1"
593896,"0","1","3","1",0,90,"0",-67,1757,33,61,16,269,"1"
594629,"0","1","7","1",0,60,"0",-136,4923,23,97,16,269,"1"
596326,"0","0","5","1",0,120,"0",-73,1198,32,77,16,269,"2"
597252,"0","1","7","0",0,120,"0",-18,650,32,79,16,269,"2"
597732,"0","2","8","2",0,30,"0",-66,1756,23,87,16,269,"1"
598573,"1","0","1","0",2,60,"0",-36,761,30,70,16,269,"2"
599215,"1","0","5","1",0,60,"0",-25,2370,31,60,16,269,"0"
600267,"0","0","1","0",0,90,"1",-92,306,32,77,16,269,"2"
600766,"0","0","6","0",0,60,"0",-98,7815,31,100,16,269,"1"
602707,"0","0","8","0",0,60,"0",-73,2247,33,97,16,269,"1"
602830,"0","2","3","0",0,60,"0",-60,1559,32,93,16,269,"1"
603108,"0","0","8","0",0,120,"0",-80,1592,25,78,16,269,"1"
605125,"0","1","8","1",0,30,"0",-9,709,37,80,16,269,"1"
605129,"0","0","0","0",0,60,"0",-7,1380,33,90,16,269,"1"
605294,"0","1","4","0",0,90,"0",-25,2561,30,99,16,269,"1"
605541,"0","1","9","0",0,60,"1",-29,128,33,28,16,269,"0"
605836,"0","1","1","0",0,60,"0",-72,2358,30,98,16,269,"1"
608488,"1","1","9","0",0,60,"0",-153,3101,22,89,16,269,"1"
608853,"0","0","5","0",1,90,"0",-144,2165,31,79,16,269,"1"
610275,"0","0","7","1",0,60,"0",-65,4358,32,94,16,269,"1"
610373,"1","2","4","0",0,60,"0",-88,1297,32,100,16,269,"1"
610672,"0","0","9","0",0,60,"0",-122,1887,32,89,16,269,"1"
611405,"0","1","9","0",0,60,"0",-28,2936,31,94,16,268,"2"
611961,"0","1","7","0",0,60,"0",-23,2181,32,92,16,269,"1"
611971,"0","0","3","0",0,30,"0",-102,1183,31,99,16,241,"2"
613953,"0","0","5","0",0,30,"0",-31,1947,30,82,16,269,"1"
614181,"0","2","6","0",0,30,"0",-14,3788,31,96,16,269,"1"
614737,"0","0","3","0",0,60,"0",-28,230,34,64,16,269,"0"
615429,"0","2","2","0",0,60,"0",-56,3083,33,90,16,269,"2"
617309,"0","0","3","0",0,60,"0",-122,151,33,53,16,241,"2"
617888,"0","0","8","0",0,60,"0",-31,2032,31,83,16,269,"1"
619168,"0","0","8","0",0,60,"0",-14,503,32,99,16,269,"1"
620343,"0","0","7","0",0,60,"0",-31,2896,31,93,16,269,"1"
620519,"0","3","9","0",0,60,"0",-98,1560,34,97,16,269,"1"
620536,"0","0","0","0",0,30,"0",-22,791,32,96,16,269,"2"
622129,"1","2","7","1",0,60,"0",-113,1907,32,100,16,269,"1"
622315,"0","1","2","0",0,30,"0",-99,906,33,50,16,241,"2"
623467,"0","1","8","0",0,150,"0",-134,5106,31,81,16,269,"1"
623757,"1","0","1","0",0,120,"0",-66,315,32,88,16,269,"2"
623889,"0","0","4","0",0,30,"1",-81,1862,32,95,16,269,"1"
623989,"0","0","6","1",0,30,"0",-71,2044,33,98,16,269,"1"
624222,"0","1","0","0",0,90,"0",-121,3023,31,99,16,269,"1"
627935,"1","0","1","0",0,90,"0",-73,308,40,71,16,269,"2"
628741,"0","1","8","0",0,30,"0",-10,835,32,76,16,269,"1"
628766,"0","1","6","0",0,60,"0",-17,1356,32,93,16,269,"1"
629101,"0","1","6","0",0,30,"0",-2,712,32,82,16,269,"1"
629852,"0","0","3","0",0,60,"0",-70,805,33,90,16,269,"2"
630105,"0","1","8","0",0,90,"0",-42,1734,31,95,16,269,"1"
630106,"0","0","4","0",0,90,"0",-128,3722,30,99,16,269,"1"
631113,"0","2","6","0",0,60,"0",-31,1118,30,77,16,269,"1"
632635,"1","1","0","0",0,60,"0",-23,1381,31,74,16,269,"1"
632950,"0","0","7","0",0,30,"0",-42,3225,32,99,16,269,"1"
633824,"0","0","7","0",0,60,"1",-122,6431,31,98,16,269,"1"
634367,"0","0","8","1",1,30,"0",-15,5651,29,100,16,269,"1"
634879,"0","0","5","1",0,90,"0",-28,3114,31,100,16,269,"1"
634940,"0","0","1","0",0,60,"0",-30,1768,16,97,16,269,"1"
634957,"0","1","2","1",0,60,"0",-10,266,40,40,16,269,"2"
635325,"0","1","5","0",0,30,"0",-93,1818,30,71,16,269,"1"
635564,"0","1","8","0",0,60,"0",-16,1441,32,95,16,269,"1"
635720,"0","0","5","0",0,30,"0",-17,1579,32,87,16,269,"1"
635953,"0","0","5","0",0,60,"0",-113,2063,33,98,16,269,"1"
636467,"0","0","6","1",0,60,"0",-9,1888,30,93,16,269,"1"
637123,"0","0","9","0",0,60,"0",-31,2416,31,97,16,269,"1"
637401,"0","2","9","1",0,60,"0",-106,2681,25,95,16,269,"1"
637528,"0","0","4","1",0,60,"0",-14,666,35,76,16,269,"0"
637624,"0","2","9","0",0,150,"0",-38,782,24,91,16,269,"1"
638257,"0","0","3","0",0,60,"0",-154,636,33,82,16,269,"0"
638604,"0","1","7","0",0,90,"0",-23,3971,31,92,16,269,"1"
638970,"0","0","4","0",0,60,"0",-10,464,33,80,16,269,"1"
639194,"0","0","7","1",0,120,"0",-23,1683,23,95,16,269,"1"
639243,"0","0","8","0",0,60,"0",-29,1291,31,81,16,269,"0"
639253,"1","2","8","0",0,60,"0",-155,1865,51,96,16,269,"1"
640307,"0","1","5","0",0,60,"0",-115,1444,36,91,16,269,"0"
640439,"0","0","3","0",0,60,"0",-15,1450,31,89,16,269,"1"
640658,"1","0","5","0",0,90,"0",-92,246,37,30,16,269,"2"
641116,"0","1","7","1",0,60,"0",-37,1634,32,99,16,269,"1"
641195,"0","1","3","0",0,60,"0",-25,308,32,89,16,269,"0"
641200,"0","2","2","0",0,60,"0",-14,4398,30,98,16,269,"1"
641566,"0","1","7","0",0,60,"0",-78,1345,16,100,16,269,"1"
641569,"0","1","6","1",0,120,"0",-58,2219,32,89,16,269,"1"
641817,"0","0","2","0",0,60,"1",-23,243,37,87,16,269,"2"
641881,"0","1","2","0",0,60,"1",-77,277,39,65,16,269,"0"
641899,"0","1","3","0",0,30,"0",-15,1484,32,94,16,269,"1"
642342,"0","0","6","0",0,60,"0",-24,4961,27,100,16,269,"1"
642396,"0","0","8","0",0,60,"0",-153,1580,34,93,16,269,"2"
642512,"0","0","3","1",0,90,"0",-36,612,40,61,16,269,"2"
642656,"0","0","2","0",0,60,"0",-122,4089,29,99,16,269,"1"
643077,"0","0","6","1",0,60,"0",-51,1775,29,91,16,269,"1"
643118,"0","2","5","0",0,60,"0",-60,5797,30,97,16,269,"1"
643168,"0","0","0","0",0,120,"0",-52,949,31,81,16,269,"1"
643267,"0","0","1","0",0,60,"0",-135,2109,29,72,16,269,"1"
643270,"0","1","4","0",0,60,"0",-81,1244,29,90,16,269,"1"
643481,"0","1","0","0",0,90,"0",-146,3440,30,80,16,269,"0"
643484,"1","2","1","0",0,60,"0",-93,2223,32,89,16,269,"1"
643510,"0","0","6","0",0,60,"0",-10,1439,32,91,16,269,"1"
643531,"0","1","5","0",0,60,"0",-15,4264,31,96,16,269,"1"
643705,"0","0","1","0",0,90,"0",-50,4898,25,98,16,269,"1"
643771,"0","0","7","0",0,60,"0",-15,1766,29,94,16,269,"1"
644072,"1","1","6","0",0,30,"0",-18,2419,33,97,16,269,"0"
644113,"0","0","5","0",0,60,"0",-148,3694,32,98,16,269,"1"
644742,"0","0","3","0",0,60,"0",-28,2183,32,92,16,269,"1"
644794,"1","1","1","0",0,60,"1",-122,2038,32,90,16,269,"1"
645126,"0","2","6","0",0,60,"0",-81,2095,20,96,16,269,"1"
645170,"0","0","3","1",0,60,"0",-2,1493,32,89,16,269,"1"
645319,"0","1","5","2",0,60,"0",-77,2417,29,96,16,269,"1"
645451,"0","1","5","0",0,90,"0",-66,4815,33,75,16,269,"1"
645542,"0","1","4","0",0,60,"0",-137,3543,32,94,16,269,"1"
645557,"0","1","6","0",0,90,"0",-120,554,33,88,16,269,"2"
645831,"0","1","2","0",0,60,"0",-44,4293,30,92,16,269,"1"
645889,"0","0","5","0",0,60,"0",-29,369,32,81,16,269,"1"
646005,"0","0","4","0",0,60,"0",-44,3811,27,87,16,269,"1"
646040,"0","0","5","0",0,90,"0",-16,822,34,57,16,269,"1"
646070,"0","0","3","0",0,60,"0",-87,1940,32,99,16,269,"1"
646097,"1","2","0","0",0,60,"0",-156,755,32,57,16,269,"2"
646109,"0","2","0","0",0,60,"0",-141,413,29,93,16,269,"2"
646184,"0","0","9","0",0,90,"0",-24,2115,31,84,16,269,"1"
646197,"0","3","9","0",0,60,"0",-112,2996,30,96,16,269,"1"
646361,"0","2","8","0",0,60,"0",-122,1877,33,94,16,269,"1"
646520,"0","0","6","0",0,60,"1",-59,1399,46,63,16,269,"1"
646581,"0","1","3","0",0,30,"0",-20,427,32,62,16,269,"0"
646815,"0","1","2","1",0,60,"0",-150,914,28,88,16,269,"0"
646903,"0","1","0","0",0,60,"0",-29,1366,33,75,16,269,"1"
647043,"0","1","0","0",0,60,"0",-113,1121,33,87,16,269,"0"
647179,"0","0","3","1",0,60,"0",-21,300,31,87,16,269,"0"
647217,"0","0","3","0",0,120,"0",-17,199,33,89,16,269,"2"
647358,"0","0","6","0",0,30,"0",-144,558,30,95,16,269,"0"
647432,"1","0","0","0",0,60,"0",-25,295,31,57,16,269,"2"
647466,"1","2","1","0",0,60,"0",-23,1934,31,86,16,269,"1"
647919,"0","1","2","0",0,60,"0",-155,1778,32,95,16,269,"1"
647983,"0","1","0","0",0,60,"0",-122,1104,33,87,16,269,"1"
647988,"1","0","9","0",0,60,"0",-106,1182,31,92,16,269,"1"
648001,"0","1","7","0",0,60,"0",-155,2743,33,92,16,269,"1"
648058,"0","1","3","0",0,60,"0",-71,157,33,46,16,269,"2"
648090,"1","0","2","0",0,60,"0",-142,2640,26,91,16,269,"1"
648091,"0","0","3","0",0,60,"0",-149,691,32,94,16,269,"1"
648136,"0","1","2","0",0,60,"0",-155,1468,32,92,16,269,"1"
648370,"0","0","7","1",0,60,"0",-18,1506,31,85,16,269,"1"
648422,"0","1","8","1",0,60,"0",-32,1426,32,94,16,269,"1"
648436,"0","2","9","1",0,60,"0",-148,7936,26,91,16,269,"1"
648469,"0","0","8","0",0,30,"0",-155,3165,24,95,16,269,"1"
648518,"1","0","6","0",0,180,"0",-9,1078,31,77,16,269,"0"
648687,"0","0","8","0",0,60,"0",-20,2305,33,93,16,269,"1"
648787,"0","1","1","0",0,60,"0",-127,4189,30,97,16,269,"1"
648843,"0","0","8","0",0,60,"0",-155,1876,18,93,16,269,"1"
648852,"0","1","1","1",0,60,"0",-150,898,31,32,16,269,"2"
648942,"0","0","8","0",0,60,"0",-30,959,33,73,16,269,"1"
649069,"0","0","5","0",0,60,"0",-95,1631,29,93,16,269,"1"
649171,"0","0","0","0",0,60,"0",-95,1832,32,100,16,269,"1"
649255,"0","2","7","0",0,60,"0",-92,4893,32,97,16,269,"1"
649339,"0","0","8","1",0,60,"0",-128,5019,30,98,16,269,"1"
649506,"0","0","5","0",0,90,"0",-60,917,33,92,16,269,"0"
649637,"0","2","3","0",0,60,"0",-109,1330,29,82,16,269,"1"
649667,"0","0","7","0",0,60,"0",-133,1892,32,100,16,269,"1"
649713,"0","0","6","0",0,60,"0",-114,2763,32,89,16,269,"1"
649718,"0","1","6","0",0,60,"0",-95,1758,32,85,16,269,"1"
649738,"0","2","2","1",0,60,"0",-115,1899,29,92,16,269,"1"
649843,"0","0","1","0",0,60,"0",-150,716,33,93,16,269,"1"
649861,"0","1","0","0",0,30,"0",-129,567,31,91,16,269,"2"
649863,"0","1","4","0",0,60,"0",-23,234,33,96,16,269,"2"
649935,"0","0","2","0",0,60,"0",-150,534,26,97,16,269,"0"
649943,"0","0","5","1",0,30,"0",-120,1369,33,65,16,269,"1"
650027,"0","1","9","0",0,60,"0",-137,1899,32,92,16,269,"1"
650164,"0","2","9","0",0,30,"0",-15,1476,33,99,16,269,"1"
650330,"0","1","4","0",0,60,"0",-149,4697,32,97,16,269,"1"
650471,"0","0","1","0",0,60,"0",-24,2838,32,96,16,269,"1"
650504,"0","0","7","0",0,40,"0",-147,1604,32,93,16,269,"1"
650533,"0","0","3","1",0,30,"0",-129,1600,32,93,16,269,"1"
650575,"0","0","4","0",0,90,"0",-88,1805,33,91,16,269,"0"
650578,"0","1","1","0",0,60,"1",-144,102,32,59,16,269,"2"
650592,"0","1","6","0",0,30,"0",-53,1912,33,94,16,26,"1"
